,Unnamed: 0,State,No,Name,Type,Winning Candidate,Winning Candidate Gender,Winning Party,Winner's Votes,Runner Up Candidate,Runner Up Gender,Runner Up Party,Runner Up Votes,Margin Votes,Year,Party_clean
0,0,Andhra Pradesh,1,Srikakulam,GEN,Viswandham Kanithi,M,INC,235641,Appayyadora Hanumanthli,M,TDP,208977,26664,1991,INC
1,1,Andhra Pradesh,2,Parvathipuram,ST,Vijayaramaraju Satrucharla,M,INC,279415,Kishore Chandra Suryanarayanadeo Viricherla,M,ICS(SCS),229903,49512,1991,INC
2,2,Andhra Pradesh,3,Bobbili,GEN,Ananda Gajapathi Raju Poosapathi,M,INC,280335,Kemburu Rama Mohana Rao,M,TDP,252211,28124,1991,INC
3,3,Andhra Pradesh,4,Visakhapatnam,GEN,M.V.V.S. Murthi,M,TDP,289793,Uma Gajapathiraju (W),F,INC,284655,5138,1991,TDP
4,4,Andhra Pradesh,5,Bhadrachalam,ST,Karreddula Kamalakumari (W),F,INC,238956,Ramaiah Sode,M,CPI,194785,44171,1991,INC
5,5,Andhra Pradesh,6,Anakapalli,GEN,Konathala Ramakrishna,M,INC,261311,Appalanarasimham P.,M,TDP,250153,11158,1991,INC
6,6,Andhra Pradesh,7,Kakinada,GEN,Thota Subbarao,M,TDP,287357,Mangapati Pallamraju Mallipudi,M,INC,252040,35317,1991,TDP
7,7,Andhra Pradesh,8,Rajahmundry,GEN,K.V.R. Chowdary,M,TDP,315556,Jamuna (W),F,INC,253547,62009,1991,TDP
8,8,Andhra Pradesh,9,Amalapuram,SC,Balayogi G.M.C.,M,TDP,273490,Kusunma Krishan Murthy,M,INC,186003,87487,1991,TDP
9,9,Andhra Pradesh,10,Narsapuram,GEN,Vijayakumar Raju Bhupathiraju,M,TDP,317703,Krishnam Raju,M,INC,259154,58549,1991,TDP
10,10,Andhra Pradesh,11,Eluru,GEN,Bolla Bulliramaiah,M,TDP,360312,Krishna,M,INC,312657,47655,1991,TDP
11,11,Andhra Pradesh,12,Machilipatnam,GEN,K.P. Reddaiah,M,TDP,298348,Sambasiva Rao Kavuri,M,INC,271026,27322,1991,TDP
12,12,Andhra Pradesh,13,Vijayawada,GEN,Vadde Sobhandreswara Rao,M,TDP,326890,Chennupati Vidya (W),F,INC,290669,36221,1991,TDP
13,13,Andhra Pradesh,14,Tenali,GEN,Ummareddy Venkateswarlu,M,TDP,252900,Basavapunnaiah Singam,M,INC,242729,10171,1991,TDP
14,14,Andhra Pradesh,15,Guntur,GEN,Lal Jan Basha S.M,M,TDP,307073,N.G. Ranga,M,INC,292329,14744,1991,TDP
15,15,Andhra Pradesh,16,Bapatla,GEN,Venkateswara Rao Daggubati,M,TDP,285778,Salagala Benjamin,M,INC,284681,1097,1991,TDP
16,16,Andhra Pradesh,17,Narasaraopet,GEN,Kasu Venkata Krishna Reddy,M,INC,349041,Anisetty Padmavathi (W),F,TDP,286425,62616,1991,INC
17,17,Andhra Pradesh,18,Ongole,GEN,Mangunta Subbarama Reddy,M,INC,329913,Dega Narasimha Reddy,M,TDP,290583,39330,1991,INC
18,18,Andhra Pradesh,19,Nellore,SC,Kudumula Padmasre (W),F,INC,268626,M. Nagabhushanamma (W),F,TDP,223769,44857,1991,INC
19,19,Andhra Pradesh,20,Tirupati,SC,Chinta Mohan,M,INC,391534,P. Subbaiah,M,TDP,205345,186189,1991,INC
20,20,Andhra Pradesh,21,Chittoor,GEN,M. Gnanendra Reddy,M,INC,373631,Gurram V. Sreenatha Reddy,M,TDP,263649,109982,1991,INC
21,21,Andhra Pradesh,22,Rajampet,GEN,Annaiahgari Saiprathap,M,INC,325107,Palakondrayudu Sugavasi,M,TDP,162813,162294,1991,INC
22,22,Andhra Pradesh,23,Cuddapah,GEN,Y.S. Rajasekhar Reddy,M,INC,583953,C.Ramachandraiah,M,TDP,165028,418925,1991,INC
23,23,Andhra Pradesh,24,Hindupur,GEN,S. Gangadhara,M,INC,317078,K. Ramachandra Reddy,M,TDP,217965,99113,1991,INC
24,24,Andhra Pradesh,25,Anantapur,GEN,Anantha Venkata Reddy,M,INC,362676,B.T.L.N. Chowdary,M,TDP,200392,162284,1991,INC
25,25,Andhra Pradesh,26,Kurnool,GEN,K. Vijaya Bhaskara Reddy,M,INC,302352,S.V. Subba Reddy,M,TDP,249885,52467,1991,INC
26,26,Andhra Pradesh,By Polls (1994),Kurnool,GEN,K.J.S. Prakash Reddy,M,INC,293922,S.V.S. Reddy,M,TD,274276,19646,1991,INC
27,27,Andhra Pradesh,27,Nandyal,GEN,Gangula Prathapa Reddy,M,INC,377556,Challa Rama Krishna Reddy,M,TDP,190790,186766,1991,INC
28,28,Andhra Pradesh,By Polls (1991),Nandyal,GEN,P.V.N.Rao,M,INC,626241,B.Laxman,M,BJP,45944,580297,1991,INC
29,29,Andhra Pradesh,28,Nagarkurnool,SC,Mallu Ravi,M,INC,259128,Mahendranath P.,M,TDP,208888,50240,1991,INC
30,30,Andhra Pradesh,29,Mahabubnagar,GEN,Mallikarjun,M,INC,217072,Dyapa Gopal Reddy,M,TDP,184910,32162,1991,INC
31,31,Andhra Pradesh,30,Hyderabad,GEN,Sultan Salahuddin Owaisi,M,MIM,454823,Baddam Bal Reddy,M,BJP,415299,39524,1991,MIM
32,32,Andhra Pradesh,31,Secunderabad,GEN,Bandaru Dattatraya,M,BJP,253924,T. Manemma Anjaiah (W),F,INC,168861,85063,1991,BJP
33,33,Andhra Pradesh,32,Siddipet,SC,Yellaiah Nandi,M,INC,300629,G. Vijaya Rama Rao,M,TDP,185367,115262,1991,INC
34,34,Andhra Pradesh,33,Medak,GEN,N. Baga Reddy,M,INC,313740,D. Rama Krishna,M,TDP,173590,140150,1991,INC
35,35,Andhra Pradesh,34,Nizamabad,GEN,Gaddam Ganga Reddy,M,TDP,257297,T. Aduri Bala Goud,M,INC,188949,68348,1991,TDP
36,36,Andhra Pradesh,35,Adilabad,GEN,Allola Indrakaran Reddy,M,TDP,208792,P. Narasa Reddy,M,INC,168816,39976,1991,TDP
37,37,Andhra Pradesh,36,Peddapalli,SC,G. Venkat Swamy,M,INC,251019,Suddala Devaiah,M,TDP,141054,109965,1991,INC
38,38,Andhra Pradesh,37,Karimnagar,GEN,Chokka Rao Juvvadi,M,INC,223914,Krishnaiah N.V.,M,IND,106378,117536,1991,INC
39,39,Andhra Pradesh,38,Hanamkonda,GEN,Kamaluddin Ahmed,M,INC,188278,Vanga Sundershan Reddy,M,TDP,123815,64463,1991,INC
40,40,Andhra Pradesh,39,Warangal,GEN,Surendra Reddy Rama Sahayam,M,INC,258733,Nemarugommula Yethiraja Rao,M,TDP,206860,51873,1991,INC
41,41,Andhra Pradesh,40,Khammam,GEN,Rangayya Nayudu P.V.,M,INC,316186,Tammineni Veerabhadram,M,CPM,310268,5918,1991,INC
42,42,Andhra Pradesh,41,Nalgonda,GEN,Bommagani Dharma Biksham,M,CPI,282904,Chakilam Srinivasa Rao,M,INC,214327,68577,1991,CPI
43,43,Andhra Pradesh,42,Miryalguda,GEN,Bheemireddy Narsimha Reddy,M,CPI,309249,B.N. Reddy,M,INC,300986,8263,1991,CPI
44,44,Arunachal Pradesh,1,Arunachal West,GEN,Prem Khandu Thungon,M,INC,103249,Kamen Ringu,M,JD,35668,67581,1991,INC
45,45,Arunachal Pradesh,2,Arunachal East,GEN,Laeta Umbrey,M,INC,76575,Chau Khouk Manpoong,M,JD,28712,47863,1991,INC
46,46,Assam,1,Karimganj,SC,Dwarka Nath Das,M,BJP,231810,Jatindra Chandra Das,M,JD,182057,49753,1991,BJP
47,47,Assam,2,Silchar,GEN,Kabindra Purkayastha,M,BJP,204201,Nurul Huda,M,CPM,193350,10851,1991,BJP
48,48,Assam,3,Autonomous District,GEN,Jayanta Rongpi,M,ADC,139785,Biren Singh Engti,M,INC,82004,57781,1991,ADC
49,49,Assam,4,Dhubri,GEN,Nurul Islam,M,INC,189843,Dinesh Chandra Sarkar,M,BJP,140391,49452,1991,INC
50,50,Assam,5,Kokrajhar,GEN,Satyendra Nath Brohmo Choudhury,M,IND,426727,Louis Islary,M,INC,163588,263139,1991,IND
51,51,Assam,6,Barpeta,GEN,Uddhab Barman,M,CPI,206772,Abdul Latif,M,INC,153665,53107,1991,CPI
52,52,Assam,7,Gauhati,GEN,Kirip Chaliha,M,INC,169628,Asfaf Ali,M,NAGP,124823,44805,1991,INC
53,53,Assam,8,Mangaldoi,GEN,Prbin Deka,M,INC,164410,Birendra Prasad Baishya,M,AGP,146397,18013,1991,INC
54,54,Assam,9,Tezpur,GEN,Swarup Upadhayaya,M,INC,237955,Purna Narayan Sinha,M,AGP,131638,106317,1991,INC
55,55,Assam,10,Nowgong,GEN,Muhiram Saikia,M,AGP,151481,Bishnu Prasad,M,INC,138564,12917,1991,AGP
56,56,Assam,11,Kaliabor,GEN,Tarun Gogoi,M,INC,295049,Debeswar Bora,M,AGP,170330,124719,1991,INC
57,57,Assam,12,Jorhat,GEN,Bijoy Krishna Handuqui,M,INC,239369,Paragehar Chaliha,M,AGP,128706,110663,1991,INC
58,58,Assam,13,Dibrugarh,GEN,Paban Singh Ghatowar,M,INC,243937,Dipen Tanti,M,AGP,106017,137920,1991,INC
59,59,Assam,14,Lakhimpur,GEN,Bolin Kuli,M,INC,187610,Iswar Prasanna Hazarika,M,AGP,126250,61360,1991,INC
60,60,Bihar,1,Bagaha,SC,Mahendra Baitha,M,JD,182265,Kanchan Baitha,M,BJP,133690,48575,1991,JD
61,61,Bihar,2,Bettiah,GEN,Faiyazulazam,M,JD,283073,Madan Pra. Jaiswal,M,BJP,184715,98358,1991,JD
62,62,Bihar,3,Motihari,GEN,Kamla Mishra Madhukar,M,CPI,264423,Radha Mohan Singh,M,BJP,166371,98052,1991,CPI
63,63,Bihar,4,Gopalganj,GEN,Abdul Ghafoor,M,JD,351243,Kali Prasad Pandey,M,INC,238593,112650,1991,JD
64,64,Bihar,5,Siwan,GEN,Brishin Patel,M,JD,315336,Umashankar Singh,M,JP,169444,145892,1991,JD
65,65,Bihar,6,Maharajganj,GEN,Girija Devi (W),F,JD,239700,Ram Bahadur Singh,M,JP,215365,24335,1991,JD
66,66,Bihar,7,Chapra,GEN,Lal Babu Rai,M,JD,350282,Rajiv Ranjan Singh,M,JP,225709,124573,1991,JD
67,67,Bihar,8,Hajipur,SC,Ram Sunder Das,M,JD,489105,Dasai Choudhary,M,JP,121353,367752,1991,JD
68,68,Bihar,9,Vaishali,GEN,Sheo Sharan Singh,M,JD,346003,Usha Singh (W),F,INC,236160,109843,1991,JD
69,69,Bihar,10,Muzaffarpur,GEN,George Fernandese,M,JD,320833,Raghunath Pandey,M,INC,270786,50047,1991,JD
70,70,Bihar,11,Sitamarhi,GEN,Nawal Kishore Ray,M,JD,425186,Rambriksha Chaudhary,M,INC,196035,229151,1991,JD
71,71,Bihar,12,Sheohar,GEN,Hari Kishore Singh,M,JD,311178,Raghunath Jha,M,JP,151242,159936,1991,JD
72,72,Bihar,13,Madhubani,GEN,Bhogendra Jha,M,CPI,330111,Jagannath Mishra,M,INC,250020,80091,1991,CPI
73,73,Bihar,14,Jhanjharpur,GEN,Devendra Prasad Yadav,M,JD,372785,Jagdina Chaudhary,M,INC,242711,130074,1991,JD
74,74,Bihar,15,Darbhanga,GEN,Md. Ali Asraf Fatmi,M,JD,318253,Nagendra Jha,M,INC,178275,139978,1991,JD
75,75,Bihar,16,Rosera,SC,Ram Vilas Paswan,M,JD,373710,Ashok Kumar,M,INC,113226,260484,1991,JD
76,76,Bihar,17,Samastipur,GEN,Manjay Lal,M,JD,430450,Baliram Bhagat,M,INC,191418,239032,1991,JD
77,77,Bihar,18,Barh,GEN,Nitish Kumar,M,JD,416275,Sidheshwar Prasad,M,INC,241736,174539,1991,JD
78,78,Bihar,19,Balia,GEN,Surya Narayan Singh,M,CPI,258150,Shyam Sunder Singh Dhiraj,M,INC,163298,94852,1991,CPI
79,79,Bihar,20,Saharsa,GEN,Surya Narain Yadav,M,JD,440749,Taranand Sada,M,INC,242641,198108,1991,JD
80,80,Bihar,21,Madhepura,GEN,Sharad Yadav,M,JD,437483,Anand Mohan,M,JP,152106,285377,1991,JD
81,81,Bihar,22,Araria,SC,Sukdeo Paswan,M,JD,292887,Sukha Paswan,M,BJP,121893,170994,1991,JD
82,82,Bihar,23,Kishanganj,GEN,Syed Shahabuddin,M,JD,231703,Vishwanath Kejriwal,M,BJP,152075,79628,1991,JD
83,83,Bihar,24,Katihar,GEN,Md. Yunus Salim,M,JD,174430,Tarique Anwer,M,INC,150808,23622,1991,JD
84,84,Bihar,25,Rajmahal,ST,Simon Marandi,M,JMM,176223,Thomas Hansda,M,INC,143559,32664,1991,JMM
85,85,Bihar,26,Dumka,ST,Shibu Soren,M,JMM,260169,Babulal Marandi,M,BJP,126528,133641,1991,JMM
86,86,Bihar,27,Godda,GEN,Suraj Mandal,M,JMM,259348,Janardan Yadav,M,BJP,155200,104148,1991,JMM
87,87,Bihar,28,Banka,GEN,Pratap Singh,M,JD,241797,Manorma Singh (W),F,INC,131410,110387,1991,JD
88,88,Bihar,29,Bhagalpur,GEN,Chunchun Pra. Yadav,M,JD,315292,Sadanand Singh,M,IND,146668,168624,1991,JD
89,89,Bihar,30,Khagaria,GEN,Ram Sharan Yadav,M,JD,303773,Vimala Rai (W),F,BJP,150552,153221,1991,JD
90,90,Bihar,31,Monghyr,GEN,Brahmanand Mandal,M,CPI,279472,Dhanraj Singh,M,JP,168488,110984,1991,CPI
91,91,Bihar,32,Begusarai,GEN,Krishna Sahi (W),F,INC,343050,Ram Badan Rai,M,JD,275104,67946,1991,INC
92,92,Bihar,33,Nalanda,GEN,Vijoy Kumar Yadav,M,CPI,365566,Ram Swaroop Prasad,M,INC,273695,91871,1991,CPI
93,93,Bihar,34,Arrah,GEN,Ram Lakhan Singh Yadav,M,JD,275320,Surajdeo Singh,M,JP,219972,55348,1991,JD
94,94,Bihar,35,Buxar,GEN,Tej Narain Singh,M,CPI,234088,Kamal Singh,M,BJP,168088,66000,1991,CPI
95,95,Bihar,36,Sasaram,SC,Chhedi Paswan,M,JD,210823,Meera Kumar (W),F,INC,188261,22562,1991,JD
96,96,Bihar,37,Bikramganj,GEN,Ram Prasad Singh,M,JD,258761,Indu Devi (W),F,INC,81685,177076,1991,JD
97,97,Bihar,38,Aurangabad,GEN,Ram Naresh Singh,M,JD,207642,Satyendra Narain Sinha,M,INC,154786,52856,1991,JD
98,98,Bihar,39,Jahanabad,GEN,Ramramasharay Prasad Singh,M,CPI,332484,Mahendra Prasad,M,INC,297493,34991,1991,CPI
99,99,Bihar,40,Nawada,SC,Prem Chand Ram,M,CPI,418010,Mahaveer Choudhary,M,INC,316417,101593,1991,CPI
100,100,Bihar,41,Gaya,SC,Rajesh Kumar,M,JD,308077,Jitan Ram Manjhi,M,INC,254282,53795,1991,JD
101,101,Bihar,42,Chatra,GEN,Upendra Nath Verma,M,JD,152477,Dhirendra Agrawal,M,BJP,111098,41379,1991,JD
102,102,Bihar,43,Kodarma,GEN,Mumtaz Ansari,M,JD,162419,Ritlal Prasad Verma,M,BJP,148297,14122,1991,JD
103,103,Bihar,44,Giridih,GEN,Binod Bihari Mahto,M,JMM,228413,Ramdas Singh,M,BJP,150610,77803,1991,JMM
104,104,Bihar,By Polls (1992),Giridih,GEN,R.K.Mahte,M,JMM,211345,S.Singh,M,BJP,149842,61503,1991,JMM
105,105,Bihar,45,Dhanbad,GEN,Rita Verma (W),F,BJP,257066,A.K. Roy,M,M-COR,171767,85299,1991,BJP
106,106,Bihar,46,Hazaribagh,GEN,Bhuneshwar Prasad Mehta,M,CPI,171725,Yadunath Pandey,M,BJP,147044,24681,1991,CPI
107,107,Bihar,47,Ranchi,GEN,Ram Tahal Choudhary,M,BJP,223824,Awadhesh Kumar Singh,M,JD,104247,119577,1991,BJP
108,108,Bihar,48,Jamshedpur,GEN,Silendra Mahto,M,JMM,205296,Amrendra Pratap Singh,M,BJP,149049,56247,1991,JMM
109,109,Bihar,49,Singhbhum,ST,Krishna Marandi,M,JMM,121125,Bijay Singh Soy,M,INC,74945,46180,1991,JMM
110,110,Bihar,50,Khunti,ST,Karia Munda,M,BJP,123583,Niral Enem Horo,M,JKP,80209,43374,1991,BJP
111,111,Bihar,51,Lohardaga,ST,Lalit Oraon,M,BJP,139611,Sumati Oraon (W),F,INC,85095,54516,1991,BJP
112,112,Bihar,52,Palamu,SC,Ram Deo Ram,M,BJP,130864,Jorawar Ram,M,JD,110622,20242,1991,BJP
113,113,Goa,1,Panaji,GEN,Prabhu Zantye Harish Narayan,M,INC,88336,Gopal Mayekar,M,MAG,30892,57444,1991,INC
114,114,Goa,2,Mormugao,GEN,Falerio Edurado Martinho,M,INC,93098,Prabhu M.S.,M,MAG,33860,59238,1991,INC
115,115,Gujarat,1,Kutch,GEN,Patel Harilal Nanji,M,INC,179109,Babulal Meghji Shah,M,BJP,146106,33003,1991,INC
116,116,Gujarat,2,Surendranagar,GEN,Kolipatel Somabhai Gadabhai,M,BJP,189389,Sanat Magnlal Mehta,M,INC,178503,10886,1991,BJP
117,117,Gujarat,3,Jamnagar,GEN,Kordiya Chandresh Kumar Valjibhai,M,BJP,178027,Urmilaben Chimanbhai Patel (Dr. Urimila Ben Patel) (W),F,JD(G),131307,46720,1991,BJP
118,118,Gujarat,4,Rajkot,GEN,Shivlalbhai Veraria,M,BJP,277289,Manoharsinhji Pradumnasinhji Jadeja,M,INC,222429,54860,1991,BJP
119,119,Gujarat,5,Porbandar,GEN,Patel Hiralal Madhavjibhai,M,BJP,192869,Manvar Balwantbhai Bachubhai,M,JD(G),113820,79049,1991,BJP
120,120,Gujarat,6,Junagadh,GEN,Chikhaliya Bhavenaben Devrajbhai (W),F,BJP,195821,Govindbhai Kanjibhai (Shekhada),M,JD(G),117381,78440,1991,BJP
121,121,Gujarat,7,Amreli,GEN,Dilipbhai Sanghani,M,BJP,235950,Kotadiya Manubhai Naranbhai,M,JD(G),139349,96601,1991,BJP
122,122,Gujarat,8,Bhavnagar,GEN,Mahavirsinh Harisinhji Gohil,M,BJP,215604,Dhanajibhai Baladhiya,M,INC,125401,90203,1991,BJP
123,123,Gujarat,9,Dhandhuka,SC,Ratilal Verma,M,BJP,202061,Narsinh Makwana,M,INC,171545,30516,1991,BJP
124,124,Gujarat,10,Ahmedabad,GEN,Harin Pathak,M,BJP,233568,Maganbhai Barot,M,INC,141683,91885,1991,BJP
125,125,Gujarat,11,Gandhinagar,GEN,Lal Krishna Advani,M,BJP,356902,G.I. Patel,M,INC,231223,125679,1991,BJP
126,126,Gujarat,12,Mehsana,GEN,A.K. Patel,M,BJP,251605,Patel Babaldas Shankardas,M,INC,169583,82022,1991,BJP
127,127,Gujarat,13,Patan,SC,Mahesh Kanodiya,M,BJP,204115,Parmar Narendrakumar Muljibhai,M,JD(G),159606,44509,1991,BJP
128,128,Gujarat,14,Banaskantha,GEN,Chavda Harisinhji Patapsinhji,M,BJP,226895,Shah Jayantilal Virchandbhai,M,JD(G),174853,52042,1991,BJP
129,129,Gujarat,15,Sabarkantha,GEN,Arvind Trivedi (Lankesh),M,BJP,168704,Maganbhai Manibhai Patel,M,JD(G),132286,36418,1991,BJP
130,130,Gujarat,16,Kapadvanj,GEN,Gabhaji Mangaji Thakor,M,BJP,175471,Chauhan Budhaji Jitaji,M,INC,147137,28334,1991,BJP
131,131,Gujarat,17,Dohad,ST,Damor Somjibhai Punjabhai,M,INC,155707,Bhabhor Sumanbhai Rangjibhai,M,BJP,105998,49709,1991,INC
132,132,Gujarat,18,Godhra,GEN,Veghela Shankerji Laxmanji,M,BJP,202171,Patel Shantilal Purushottamdas,M,JD(G),90694,111477,1991,BJP
133,133,Gujarat,19,Kaira,GEN,K.D. Jeswani,M,BJP,168285,Chauhan Prabtsinh Hathisinh,M,JD(G),166597,1688,1991,BJP
134,134,Gujarat,20,Anand,GEN,Chavda Ishvarbhai Khodabhai,M,INC,234875,Patel Rajnikant Dhulabhai,M,BJP,198836,36039,1991,INC
135,135,Gujarat,21,Chhota Udaipur,ST,Naranbhai Jamlabhai Rathava,M,JD(G),173809,Bhikhubhai Rathava,M,BJP,129722,44087,1991,JD(G)
136,136,Gujarat,22,Baroda,GEN,Dipika Chikhliya (W),F,BJP,276038,Gaekwad Ranjit Singh Pratapsingh,M,INC,241850,34188,1991,BJP
137,137,Gujarat,23,Bharuch,GEN,Chandubhai Deshmukh,M,BJP,248437,Ahmadbhai Mohammedbhai Patel,M,INC,226264,22173,1991,BJP
138,138,Gujarat,24,Surat,GEN,Kashiram Rana,M,BJP,336285,Chaudhary Sahdev Bherabhai,M,INC,229931,106354,1991,BJP
139,139,Gujarat,25,Mandvi,ST,Gamit Chhitubhai Devjibhai,M,INC,258829,Patel Kanjibhai Maganbhai,M,BJP,152813,106016,1991,INC
140,140,Gujarat,26,Bulsar,ST,Uttambhai Harjibhai Patel,M,INC,190868,Khalpabhai Chhaganbhai Patel,M,BJP,125260,65608,1991,INC
141,141,Haryana,1,Ambala,SC,Ram Prakash,M,INC,196406,Suraj Bhan,M,BJP,124464,71942,1991,INC
142,142,Haryana,2,Kurukshetra,GEN,Tara Singh,M,INC,212783,Shyam Singh,M,JP,182758,30025,1991,INC
143,143,Haryana,3,Karnal,GEN,Chiranji Lal Sharma,M,INC,200770,Chasham Pal Singh,M,JD,145598,55172,1991,INC
144,144,Haryana,4,Sonipat,GEN,Dharampal Singh,M,INC,247572,Kapil Dev,M,JP,202770,44802,1991,INC
145,145,Haryana,5,Rohtak,GEN,Bhupender Singh,M,INC,241235,Devi Lal,M,JP,210662,30573,1991,INC
146,146,Haryana,6,Faridabad,GEN,Avtar Singh Bhadana,M,INC,268965,Khurshid Ahmed,M,JD,217443,51522,1991,INC
147,147,Haryana,7,Mahendragarh,GEN,Ram Singh,M,INC,241808,Birender Singh,M,JP,169820,71988,1991,INC
148,148,Haryana,8,Bhiwani,GEN,Jangbir Singh,M,HVP,210090,Jai Narain,M,INC,179525,30565,1991,HVP
149,149,Haryana,9,Hisar,GEN,Narain Singh,M,INC,233012,Jai Parkash,M,JP,206818,26194,1991,INC
150,150,Haryana,10,Sirsa,SC,Shailja (W),F,INC,287927,Het Ram,M,JP,188829,99098,1991,INC
151,151,Himachal Pradesh,1,Shimla,SC,Krishan Dutt Sultanpuri,M,INC,209406,Roop Dass Kashyap,M,BJP,162546,46860,1991,INC
152,152,Himachal Pradesh,2,Mandi,GEN,Sukh Ram,M,INC,233380,Maheshwar Singh,M,BJP,206753,26627,1991,INC
153,153,Himachal Pradesh,3,Kangra,GEN,D.D. Khanoria,M,BJP,174457,Chandresh Kumari (W),F,INC,163641,10816,1991,BJP
154,154,Himachal Pradesh,4,Hamirpur,GEN,Prem Kumar Dhumal,M,BJP,205970,Narain Chandra Parashar,M,INC,202232,3738,1991,BJP
155,155,Karnataka,1,Bidar,SC,Ramchandra Veerappa,M,BJP,227867,Narsingrao Hulaji Suryawanshi,M,INC,111642,116225,1991,BJP
156,156,Karnataka,2,Gulbarga,GEN,B.G. Jawali,M,INC,182351,Basawaraj Patil Sedam,M,BJP,120268,62083,1991,INC
157,157,Karnataka,3,Raichur,GEN,Venkatesh Naik,M,INC,194709,Nazeer Ahmed Siddiqui,M,JD,72251,122458,1991,INC
158,158,Karnataka,4,Koppal,GEN,Anwari Basavaraj Patil,M,INC,241176,Siddaramaiah,M,JD,229979,11197,1991,INC
159,159,Karnataka,5,Bellary,GEN,Basavarajeshwari (W),F,INC,234812,Y. Netakallappa,M,JD,168831,65981,1991,INC
160,160,Karnataka,6,Davanagere,GEN,Channaiah Odeyar,M,INC,237542,S.A. Rabindranath,M,BJP,237087,455,1991,INC
161,161,Karnataka,7,Chitradurga,GEN,C.P. Mudalagiriyappa,M,INC,302847,L.G. Havanura,M,BJP,220335,82512,1991,INC
162,162,Karnataka,8,Tumkur,GEN,S. Mallikarjunaiah,M,BJP,255186,G.S. Basavaraj,M,INC,236269,18917,1991,BJP
163,163,Karnataka,9,Chikkaballapur,GEN,V. Krishna Rao,M,INC,309614,R.L. Jalappa,M,JD,206243,103371,1991,INC
164,164,Karnataka,10,Kolar,SC,K.H. Muniyappa,M,INC,235902,V. Hanumappa,M,BJP,173525,62377,1991,INC
165,165,Karnataka,11,Kanakapura,GEN,M.V. Chandrashekara Murthy,M,INC,301455,Ramchandra Gowda,M,BJP,267992,33463,1991,INC
166,166,Karnataka,12,Bangalore North,GEN,C.K. Jaffer Sharief,M,INC,252272,C. Narayanaswamy,M,JD,191955,60317,1991,INC
167,167,Karnataka,13,Bangalore South,GEN,K. Venkatgiri Gowda,M,BJP,275083,R. Gundu Rao,M,INC,247835,27248,1991,BJP
168,168,Karnataka,14,Mandya,GEN,G. Madegowda,M,INC,259500,D. Ramalingaiah,M,BJP,164153,95347,1991,INC
169,169,Karnataka,15,Chamarajanagar,SC,V. Sreenivasa Prasad,M,INC,217735,H.C. Mahadevappa,M,JD,148775,68960,1991,INC
170,170,Karnataka,16,Mysore,GEN,Chandraprabha Urs (W),F,INC,225881,Srikantadatta Narasimharaja Wadiyar,M,BJP,208999,16882,1991,INC
171,171,Karnataka,17,Mangalore,GEN,V. Dhananjaya Kumar,M,BJP,274700,Janardhana Poojari,M,INC,239695,35005,1991,BJP
172,172,Karnataka,18,Udupi,GEN,Oscar Fernandes,M,INC,234120,A. Rukmayya Poojary,M,BJP,146308,87812,1991,INC
173,173,Karnataka,19,Hassan,GEN,H.D. Devegowda,M,JP,260761,H.C. Srikanthaiah Alias Annaiah,M,INC,257570,3191,1991,JP
174,174,Karnataka,20,Chikmagalur,GEN,D.K. Tharadevi (W),F,INC,217309,D.C. Srikantappa,M,BJP,185437,31872,1991,INC
175,175,Karnataka,21,Shimoga,GEN,K.G. Shivappa,M,INC,281182,B.S. Yediyurappa,M,BJP,240479,40703,1991,INC
176,176,Karnataka,22,Kanara,GEN,Naik G. Devaraya,M,INC,171436,Karki Manjunath,M,BJP,141472,29964,1991,INC
177,177,Karnataka,23,Dharwad South,GEN,B.M. Mujahid,M,INC,231473,B.G. Banakar,M,BJP,157702,73771,1991,INC
178,178,Karnataka,24,Dharwad North,GEN,D.K. Naikar,M,INC,157682,Bellad Chandrakant,M,BJP,135891,21791,1991,INC
179,179,Karnataka,25,Belgaum,GEN,Sidnal Shanmukhappa Basappa,M,INC,161391,Babagouda Rudragouda Patil,M,KRS,115282,46109,1991,INC
180,180,Karnataka,26,Chikkodi,SC,B. Shankaranand,M,INC,261884,A.K. Rayannavar,M,JD,149268,112616,1991,INC
181,181,Karnataka,27,Bagalkot,GEN,Siddappa Bhimappa Nyamagoudar,M,INC,276849,Ramakrishna Hegade,M,JD,255645,21204,1991,INC
182,182,Karnataka,28,Bijapur,GEN,Gudadinni Basagondappa Kadappa,M,INC,207887,Pattan Shetty Rajashekar Veergondappa,M,BJP,140233,67654,1991,INC
183,183,Kerala,1,Kasaragod,GEN,M. Ramanna Rai,M,CPI,344536,K.C. Venugopal,M,INC,335113,9423,1991,CPI
184,184,Kerala,2,Cannanore,GEN,Mullappally Ramachandran,M,INC,376696,E. Ebranhim Kutty,M,CPM,335569,41127,1991,INC
185,185,Kerala,3,Badagara,GEN,Unnikrishnan K.P. (Scs),M,ICS(SCS),395501,M. Ratnasingh,M,IND,378012,17489,1991,ICS(SCS)
186,186,Kerala,4,Calicut,GEN,K. Muraleedharan,M,INC,355113,M.P. Veerendra Kumar,M,JD,339229,15884,1991,INC
187,187,Kerala,5,Manjeri,GEN,E. Ahamed,M,MUL,375456,V. Venugopal,M,IND,286133,89323,1991,MUL
188,188,Kerala,6,Ponnani,GEN,Ebrahim Sulaiman Sait,M,MUL,339766,Kattisseri Hamza Kunju,M,CPI,244060,95706,1991,MUL
189,189,Kerala,7,Palghat,GEN,V.S. Vijayaraghavan,M,INC,334913,A. Vijayaraghavan,M,CPM,319145,15768,1991,INC
190,190,Kerala,8,Ottapalam,SC,K.R. Narayanan,M,INC,327043,Lenin Rajendran,M,CPM,311955,15088,1991,INC
191,191,Kerala,By Polls (1993),Ottapalam,SC,S.Sivaraman,M,CPI,377184,R.K. Balakrishnan,M,CPM,244510,132674,1991,CPI
192,192,Kerala,9,Trichur,GEN,P.C. Chacko,M,INC,342896,K.P. Rajendran,M,CPI,313665,29231,1991,INC
193,193,Kerala,10,Mukundapuram,GEN,Savithri Lakshmanan (W),F,INC,362029,A.P. Kurian,M,CPM,349664,12365,1991,INC
194,194,Kerala,11,Ernakulam,GEN,K.V. Thomas,M,INC,362975,V. Viswanatha Menon,M,CPM,315831,47144,1991,INC
195,195,Kerala,12,Muvattupuzha,GEN,P.C. Thomas,M,KC(M),384255,P.I. Devasia,M,IND,286152,98103,1991,KC(M)
196,196,Kerala,13,Kottayam,GEN,Ramesh Chennithala,M,INC,366759,Thampan Thomas,M,JD,304137,62622,1991,INC
197,197,Kerala,14,Idukki,GEN,Palai K.M. Mathew,M,INC,345139,P.J. Joseph,M,KEC,319933,25206,1991,INC
198,198,Kerala,15,Alleppey,GEN,T.J. Anjalose,M,CPI,364794,Vakkom Purushothaman,M,INC,350719,14075,1991,CPI
199,199,Kerala,16,Mavelikkara,GEN,P.J. Kurian,M,INC,304519,Suresh Kurup,M,CPM,279031,25488,1991,INC
200,200,Kerala,17,Adoor,SC,Kodikunnil Suresh,M,INC,327066,Bhargavi Thankappan (W),F,CPI,308471,18595,1991,INC
201,201,Kerala,18,Quilon,GEN,S. Krishna Kumar,M,INC,370523,R.S. Unni,M,RSP,342796,27727,1991,INC
202,202,Kerala,19,Chirayinkil,GEN,Suseela Gopalan (W),F,CPI,331518,Thalekunnil Basheer,M,INC,330412,1106,1991,CPI
203,203,Kerala,20,Trivandrum,GEN,A. Charles,M,INC,334272,E.J. Vijayamma (W),F,CPI,290602,43670,1991,INC
204,204,Madhya Pradesh,1,Morena,SC,Barelal Jatav,M,INC,116227,Chhaviram Argal,M,BJP,99482,16745,1991,INC
205,205,Madhya Pradesh,2,Bhind,GEN,Yoganand Saraswati,M,BJP,142185,Udayan Sharma,M,INC,103331,38854,1991,BJP
206,206,Madhya Pradesh,3,Gwalior,GEN,Madhav Rao Scindia,M,INC,195212,Shejwalkar N.K.,M,BJP,96156,99056,1991,INC
207,207,Madhya Pradesh,4,Guna,GEN,Vijaya Raje Scindia (W),F,BJP,188773,Shashi Bhooshan,M,INC,133721,55052,1991,BJP
208,208,Madhya Pradesh,5,Sagar,SC,Anand Ahirwar,M,INC,178478,Ram Prasad Ahirwar,M,BJP,169130,9348,1991,INC
209,209,Madhya Pradesh,6,Khajuraho,GEN,Uma Bharti,F,BJP,251714,Ramratan,M,INC,186731,64983,1991,BJP
210,210,Madhya Pradesh,7,Damoh,GEN,Ramkrishna Kusmaria,M,BJP,198708,Dal Chandra Jain,M,INC,182550,16158,1991,BJP
211,211,Madhya Pradesh,8,Satna,GEN,Arjun Singh,M,INC,205905,Sukhendra Singh,M,BJP,139654,66251,1991,INC
212,212,Madhya Pradesh,9,Rewa,GEN,Bheem Singh Patel,M,BSP,145373,Shriniwas Tiwari,M,INC,131057,14316,1991,BSP
213,213,Madhya Pradesh,10,Sidhi,ST,Motilal Singh,M,INC,162892,Jagannath Singh,M,BJP,131268,31624,1991,INC
214,214,Madhya Pradesh,11,Shahdol,ST,Dalbir Singh,M,INC,155002,Hemvant Porte (W),F,BJP,111706,43296,1991,INC
215,215,Madhya Pradesh,12,Surguja,ST,Khelsai Singh,M,INC,169908,Larang Sai,M,BJP,122916,46992,1991,INC
216,216,Madhya Pradesh,13,Raigarh,ST,Pushpadevi Singh (W),F,INC,194080,Nand Kumar Sai,M,BJP,138266,55814,1991,INC
217,217,Madhya Pradesh,14,Janjgir,GEN,Bhawani Lal Verma,M,INC,159573,Kunwar Dilip Singh Judeo,M,BJP,130148,29425,1991,INC
218,218,Madhya Pradesh,15,Bilaspur,SC,Khelan Ram Jangde,M,INC,175642,Govind Ram Miri,M,BJP,137681,37961,1991,INC
219,219,Madhya Pradesh,16,Sarangarh,SC,Paras Ram Bharadwaj,M,INC,149987,Resham Lal Jangde (Persadih),M,BJP,104975,45012,1991,INC
220,220,Madhya Pradesh,17,Raipur,GEN,Vidyacharan Shukla,M,INC,188335,Ramesh Bais,M,BJP,187376,959,1991,INC
221,221,Madhya Pradesh,18,Mahasamund,GEN,Pawan Diwan,M,INC,205362,Chandrashekar Sahu,M,BJP,183883,21479,1991,INC
222,222,Madhya Pradesh,19,Kanker,ST,Arwind Netam,M,INC,154567,Deolall Dugga,M,BJP,135206,19361,1991,INC
223,223,Madhya Pradesh,20,Bastar,ST,Mankuram Sodhi,M,INC,87993,Rajaram Todem,M,BJP,70973,17020,1991,INC
224,224,Madhya Pradesh,21,Durg,GEN,Chandulal Chandrakar,M,INC,270506,Manarakhan Lal Sahu,M,BJP,182767,87739,1991,INC
225,225,Madhya Pradesh,22,Rajnandgaon,GEN,Shivendra Bahadur Singh,M,IND,178132,Dharampal Singh Gupta,M,BJP,130722,47410,1991,IND
226,226,Madhya Pradesh,23,Balaghat,GEN,Vishveshwar Bhagat,M,INC,185491,Gourishankar Chaturbhuj,M,BJP,129265,56226,1991,INC
227,227,Madhya Pradesh,24,Mandla,ST,Mohan Lal,M,INC,165607,Ram Bhajan,M,BJP,77934,87673,1991,INC
228,228,Madhya Pradesh,25,Jabalpur,GEN,Shrawan Kumar Patel,M,INC,172149,Baburao Paranjpe,M,BJP,165427,6722,1991,INC
229,229,Madhya Pradesh,26,Seoni,GEN,Vimla Verma (W),F,INC,221896,Prahlad Singh Patel,M,BJP,166338,55558,1991,INC
230,230,Madhya Pradesh,27,Chhindwara,GEN,Kamal Nath,M,INC,214456,Choudhari Chanderbhan,M,BJP,134824,79632,1991,INC
231,231,Madhya Pradesh,28,Betul,GEN,Aslam-Sher-Khan,M,INC,153756,Arif Baig,M,BJP,131023,22733,1991,INC
232,232,Madhya Pradesh,29,Hoshangabad,GEN,Sartaj Singh,M,BJP,206157,Rameshwar Nikhra,M,INC,197703,8454,1991,BJP
233,233,Madhya Pradesh,30,Bhopal,GEN,Sushil Chandra Verma,M,BJP,308946,Mansoor Ali Khan Patodi,M,INC,206738,102208,1991,BJP
234,234,Madhya Pradesh,31,Vidisha,GEN,Atal Bihari Vajpayee,M,BJP,279232,Pratap Bhanu Sharma,M,INC,175098,104134,1991,BJP
235,235,Madhya Pradesh,By Polls (1991),Vidisha,GEN,S.Singh,M,BJP,304392,P.B.Sharma,M,INC,215292,89100,1991,BJP
236,236,Madhya Pradesh,32,Rajgarh,GEN,Digvijay Singh,M,INC,219736,Pyarelal Khandelwal,M,BJP,218266,1470,1991,INC
237,237,Madhya Pradesh,By Polls (1994),Rajgarh,GEN,Laxman Singh,M,INC,332967,Duttaraya Rao,M,BJP,171205,161762,1991,INC
238,238,Madhya Pradesh,33,Shajapur,SC,Phoolchand Verma,M,BJP,265553,Bapulal Malviya,M,INC,187305,78248,1991,BJP
239,239,Madhya Pradesh,34,Khandwa,GEN,Mahender Kumar Singh,M,INC,230142,Amritlal Tarawala (Manni Bhai),M,BJP,213367,16775,1991,INC
240,240,Madhya Pradesh,35,Khargone,GEN,Rameshwar Patidar,M,BJP,220679,Subhashchandra Ganga Ram Yadav,M,INC,206884,13795,1991,BJP
241,241,Madhya Pradesh,36,Dhar,ST,Surajbhanu Solanki,M,INC,243385,Dhirendrasingh Chouhan,M,BJP,203906,39479,1991,INC
242,242,Madhya Pradesh,37,Indore,GEN,Sumitra Mahajan (W),F,BJP,303269,Lalit Jain,M,INC,222675,80594,1991,BJP
243,243,Madhya Pradesh,38,Ujjain,SC,Satyanarayan Jatiya,M,BJP,238904,Sajjansingh Verma,M,INC,187184,51720,1991,BJP
244,244,Madhya Pradesh,39,Jhabua,ST,Dileepsingh Bhuria,M,INC,249304,Relam Chauhan (W),F,BJP,114902,134402,1991,INC
245,245,Madhya Pradesh,40,Mandsaur,GEN,Laxminarain Pandey,M,BJP,307927,Mahendra Singh,M,INC,300944,6983,1991,BJP
246,246,Maharashtra,1,Rajapur,GEN,Sudhir Sawant,M,INC,157135,Vamanrao Mahadik,M,SHS,114089,43046,1991,INC
247,247,Maharashtra,2,Ratnagiri,GEN,Govindram Nikam,M,INC,191864,Anat Geete,M,SHS,178936,12928,1991,INC
248,248,Maharashtra,3,Kolaba,GEN,A.R. Antulay,M,INC,219639,Datta Patil,M,PWP,179933,39706,1991,INC
249,249,Maharashtra,4,Mumbai-South,GEN,Deora Murli,M,INC,147576,Sharma Premkumar Shankardutt,M,BJP,121820,25756,1991,INC
250,250,Maharashtra,5,Mumbai-South-Central,GEN,Mohan Rawale,M,SHS,121951,Dadasaheb Rupwate,M,INC,117549,4402,1991,SHS
251,251,Maharashtra,6,Mumbai-North-Central,GEN,Dighe Sharad Shankar,M,INC,180084,Vidyadhar Gokhale,M,SHS,165872,14212,1991,INC
252,252,Maharashtra,7,Mumbai-North-East,GEN,Guradas Kamat,M,INC,337660,Mehta Jayawanti Navinchandra (W),F,BJP,278536,59124,1991,INC
253,253,Maharashtra,8,Mumbai-North-West,GEN,Sunil Dutt,M,INC,267342,Ramesh Y. Prabhoo,M,SHS,210597,56745,1991,INC
254,254,Maharashtra,9,Mumbai-North,GEN,Ram Naik,M,BJP,304500,B.A. Desai,M,INC,212187,92313,1991,BJP
255,255,Maharashtra,10,Thane,GEN,Kapse Ramchandra Ganesh,M,BJP,302928,Haribansh Singh Ram Akabal Singh,M,INC,274611,28317,1991,BJP
256,256,Maharashtra,11,Dahanu,ST,Damu Barku Shingda,M,INC,178453,Chintamani Navsha Wanaga,M,BJP,145537,32916,1991,INC
257,257,Maharashtra,12,Nashik,GEN,Pawar Vasant Niwrutti,M,INC,310247,Aher Daulatrao Sonuji,M,BJP,168881,141366,1991,INC
258,258,Maharashtra,13,Mgaon,ST,Kahandole Zamru Manglu,M,INC,194060,Mahale Hari Shankar,M,JD,109760,84300,1991,INC
259,259,Maharashtra,14,Dhule,ST,Chaure Bapu Hari,M,INC,211895,Chaudhari Govindrao Shivram,M,BJP,131036,80859,1991,INC
260,260,Maharashtra,15,Nandurbar,ST,Gavit Manikrao Hodalya,M,INC,287293,Dilwarsing Padavi,M,BJP,118403,168890,1991,INC
261,261,Maharashtra,16,Erandol,GEN,Patil Vijay Naval,M,INC,180909,P.K. Anna Patil,M,JP,98916,81993,1991,INC
262,262,Maharashtra,17,Jalgaon,GEN,Gunavant Rambhau Saroda,M,BJP,233587,Mahajan Jivram Tukaram,M,INC,209322,24265,1991,BJP
263,263,Maharashtra,18,Buldhana,SC,Wasnik Mukul Balkrishna,M,INC,213495,P.G. Gawai,M,BJP,176404,37091,1991,INC
264,264,Maharashtra,19,Akola,GEN,Fundkar Pandurang Pundlik,M,BJP,201800,Gangane Sudakar Ramkrishna,M,INC,156687,45113,1991,BJP
265,265,Maharashtra,20,Washim,GEN,Anantrao Vitthalrao Deshmukh,M,INC,173708,Pawar Makhram Banduji,M,BRP,124719,48989,1991,INC
266,266,Maharashtra,21,Amravati,GEN,Pratibha Devisinha Patil (W),F,INC,177265,Prakash Patil Bharsakale,M,SHS,121784,55481,1991,INC
267,267,Maharashtra,22,Ramtek,GEN,Bhonsle Tejsingharao Laxmanrao,M,INC,240437,Pandurang Jayaramji Hajare,M,BJP,102483,137954,1991,INC
268,268,Maharashtra,23,Nagpur,GEN,Meghe Dattaji Raghobaji,M,INC,274448,Banwarilal Purohit,M,BJP,199728,74720,1991,INC
269,269,Maharashtra,24,Bhandara,GEN,Praful Manohar Bhai Patel,M,INC,325553,Khushal Parasram Bopche,M,BJP,161995,163558,1991,INC
270,270,Maharashtra,25,Chimur,GEN,Muttemwar Vilas Baburao,M,INC,238272,Shiwankar Mahadeorao Sukaji,M,BJP,190263,48009,1991,INC
271,271,Maharashtra,26,Chandrapur,GEN,Potdukhe Shantaram,M,INC,212948,Temurde Moreshwar Vithalrao,M,JD,125251,87697,1991,INC
272,272,Maharashtra,27,Wardha,GEN,Ghangare Ramchandra Marotrao,M,CPI,182436,Shathe Vasant Purushottam,M,INC,158906,23530,1991,CPI
273,273,Maharashtra,28,Yavatmal,GEN,Uttamrao Deorao Patil,M,INC,187861,Ole Patil Narayan Sitaram,M,JD,116931,70930,1991,INC
274,274,Maharashtra,29,Hingoli,GEN,Gundewar Vilasrao Nagnathrao,M,SHS,145800,Uttam Rathod,M,INC,142007,3793,1991,SHS
275,275,Maharashtra,30,Nanded,GEN,Suryakants Patil (W),F,INC,251021,D.R. Deshmukh,M,SHS,118659,132362,1991,INC
276,276,Maharashtra,31,Parbhani,GEN,Deshmukh Ashokrao Anandrao,M,SHS,143293,Bangar Pratap Ganpatrao,M,JD,123132,20161,1991,SHS
277,277,Maharashtra,32,Jalna,GEN,Ankushrao Tope,M,INC,257837,Pundlik Hari,M,BJP,189630,68207,1991,INC
278,278,Maharashtra,33,Aurangabad,GEN,Moreshwar Save,M,SHS,235859,Zakeria Rafic,M,JD,153440,82419,1991,SHS
279,279,Maharashtra,34,Beed,GEN,Kshirsagar Kesharbai Sonajirao Alias Kaku (W),F,INC,260035,Sadashiv Sitaram Munde,M,BJP,172409,87626,1991,INC
280,280,Maharashtra,35,Latur,GEN,Patil Shivraj Vishwanath,M,INC,237853,Gopalrao Vithalrao Patil,M,BJP,179135,58718,1991,INC
281,281,Maharashtra,36,Osmanabad,SC,Kamble Arvind Tulshiram,M,INC,236627,Vimal Nandkishor Mundada (W),F,BJP,153572,83055,1991,INC
282,282,Maharashtra,37,Solapur,GEN,Sadul Dharmanna Mondayya,M,INC,262623,Bhutada Gopikisan Goverdhandas,M,BJP,182533,80090,1991,INC
283,283,Maharashtra,38,Pandharpur,SC,Thorat Sandipan Bhagwan,M,INC,315641,Kamble Arun Krishnaji,M,JD,80833,234808,1991,INC
284,284,Maharashtra,39,Ahmednagar,GEN,Gadakh Yeshawantrao,M,INC,279520,E.V. Tatha Balasahed Vikhe Patil,M,IND,267883,11637,1991,INC
285,285,Maharashtra,40,Kopargaon,GEN,Kale Shankarrao Deoram,M,INC,311367,Gunjal Vasantrao Sakharam,M,BJP,138910,172457,1991,INC
286,286,Maharashtra,41,Khed,GEN,Navale Vidura Vithoba,M,INC,276013,Bankhele Kishanrao Baburao,M,JD,85605,190408,1991,INC
287,287,Maharashtra,42,Pune,GEN,Anna Joshi,M,BJP,250272,Gadgil Vitthalrao Narhar,M,INC,233334,16938,1991,BJP
288,288,Maharashtra,43,Baramati,GEN,Ajit Annatrao Pawar,M,INC,437293,Pratibha Lokhande (W),F,BJP,101030,336263,1991,INC
289,289,Maharashtra,By Polls (1991),Baramati,GEN,P.S.C.Govindrao,M,INC,508179,P.Lokhande(W),F,BJP,48520,459659,1991,INC
290,290,Maharashtra,44,Satara,GEN,Bhosale Prataprao Baburao,M,INC,261129,Hindurao N. Naik Nimbalkar,M,SHS,101917,159212,1991,INC
291,291,Maharashtra,45,Karad,GEN,Chavan Prithviraj Dajishaheb,M,INC,272440,Nagnnath Naikawadi,M,JD,180060,92380,1991,INC
292,292,Maharashtra,46,Sangli,GEN,Patil Prakashbapu Vasantrao,M,INC,313906,Lad Ganapati Dada,M,CPI,106226,207680,1991,INC
293,293,Maharashtra,47,Ichalkaranji,GEN,Mane Balaso Alias Rajaram Shankarrao,M,INC,360679,Sultanpure Sadashiv Virupaksha,M,JD,103620,257059,1991,INC
294,294,Maharashtra,48,Kolhapur,GEN,Gaikwad Udaysingrao Nanasaheb,M,INC,269508,Phalake Ramchandra Shripatrao,M,SHS,75177,194331,1991,INC
295,295,Manipur,1,Inner Manipur,GEN,Yamnam Yaima,M,MRP,169692,R.K. Jainchandra Singh,M,INC,148595,21097,1991,MRP
296,296,Manipur,2,Outer Manipur,ST,Meijinlung Kamson,M,INC,176428,R. Luikham,M,JD,157059,19369,1991,INC
297,297,Meghalaya,1,Shillong,GEN,Peter G. Marbaniang,M,INC,144895,G.G. Swell,M,IND,125505,19390,1991,INC
298,298,Meghalaya,2,Tura,GEN,Purno A. Sangma,M,INC,136667,Irwin K. Sangma,M,IND,42290,94377,1991,INC
299,299,Mizoram,1,Mizoram,ST,C. Silvera,M,INC,91612,Lalduhoma,M,MNF,82019,9593,1991,INC
300,300,Nagaland,1,Nagaland,GEN,Imchalemba,M,NPC,328015,Shikiho Sema,M,INC,276161,51854,1991,NPC
301,301,Orissa,1,Mayurbhanj,GEN,Bhagey Gobardhan,M,INC,140182,Chaitanya Prasad Majhi,M,JD,90687,49495,1991,INC
302,302,Orissa,By Polls (1994),Mayurbhanj,GEN,Sushila Tiriya,M,INC,157714,Laxman Tudu,M,JD,134243,23471,1991,INC
303,303,Orissa,2,Balasore,GEN,Kartikeswar Patra,M,INC,266139,Samarendra Kundu,M,JD,252921,13218,1991,INC
304,304,Orissa,3,Bhadrak,SC,Arjun Charan Sethi,M,JD,256690,Netra Nand Mallik,M,INC,245751,10939,1991,JD
305,305,Orissa,4,Jajpur,SC,Anadi Charan Das,M,JD,259523,Nabakishore Mallik,M,INC,248094,11429,1991,JD
306,306,Orissa,5,Kendrapara,GEN,Rabi Ray,M,JD,300299,Bhagabat Prasad Mohanty,M,INC,258869,41430,1991,JD
307,307,Orissa,6,Cuttack,GEN,Srikanta Jena,M,JD,287907,Janakiballav Pattnaik,M,INC,244214,43693,1991,JD
308,308,Orissa,7,Jagatsinghpur,GEN,Loknath Choudhury,M,CPI,321635,Nityananda Samantaray,M,INC,304610,17025,1991,CPI
309,309,Orissa,8,Puri,GEN,Braja Kishore Tripathy,M,JD,275608,Gangadhar Mahapatra,M,INC,236651,38957,1991,JD
310,310,Orissa,9,Bhubaneswar,GEN,Shivaji Patnaik,M,CPI,214429,Manmath Nath Das,M,INC,206448,7981,1991,CPI
311,311,Orissa,10,Aska,GEN,Ramachandra Rath,M,INC,233228,Ramakrushna Patnaik,M,JD,203464,29764,1991,INC
312,312,Orissa,11,Berhampur,GEN,Gopinath Gajapathi Naryandeo,M,INC,235260,Surjya Narayan Patro,M,JD,161436,73824,1991,INC
313,313,Orissa,12,Koraput,ST,Giridhar Gomango,M,INC,234501,Jayaram Pangi,M,JD,92907,141594,1991,INC
314,314,Orissa,13,Nowrangpur,ST,Khagapati Pradhani,M,INC,185085,Jadav Majhi,M,JD,128558,56527,1991,INC
315,315,Orissa,14,Kalahandi,GEN,Subash Chandra Nayak,M,INC,133406,Bikram Keshari Deo,M,BJP,104481,28925,1991,INC
316,316,Orissa,15,Phulbani,SC,Mrutyunjaya Nayak,M,INC,232517,Padmanava Behera,M,JD,178487,54030,1991,INC
317,317,Orissa,16,Bolangir,GEN,Sarat Chandra Pattanayak,M,INC,165793,Anang Uday Singh Deo,M,JD,153718,12075,1991,INC
318,318,Orissa,17,Sambalpur,GEN,Krupasindhu Bhoi,M,INC,223213,Bhabanishankar Hota,M,JD,187895,35318,1991,INC
319,319,Orissa,18,Deogarh,GEN,Sriballav Panigrahi,M,INC,197344,Rabinarayanpani,M,JD,173961,23383,1991,INC
320,320,Orissa,19,Dhenkanal,GEN,Raja Kamakhya Prasad Singhdeo Mahindr Bahadur,M,INC,270123,Tathagata Satpathy,M,JD,228437,41686,1991,INC
321,321,Orissa,20,Sundargarh,ST,Frida Topno (W),M,INC,158458,Mangala Kisan,M,JD,120388,38070,1991,INC
322,322,Orissa,21,Keonjhar,ST,Govinda Chandra Munda,M,JD,186317,Kumar Majhi,M,INC,178923,7394,1991,JD
323,323,Rajasthan,1,Ganganagar,SC,Birbal Ram,M,INC,213338,Dungar Ram Panwar,M,BJP,101347,111991,1991,INC
324,324,Rajasthan,2,Bikaner,GEN,Manphool,M,INC,239631,Girdhari Lal Bhobia,M,BJP,202365,37266,1991,INC
325,325,Rajasthan,3,Churu,GEN,Ram Singh,M,BJP,189568,Jai Singh Rathode,M,INC,189400,168,1991,BJP
326,326,Rajasthan,4,Jhunjhunu,GEN,Ayub Khan,M,INC,213903,Madan Lal Saini,M,BJP,193649,20254,1991,INC
327,327,Rajasthan,5,Sikar,GEN,Balram,M,INC,323153,Harlal Singh Kharra,M,BJP,212468,110685,1991,INC
328,328,Rajasthan,6,Jaipur,GEN,Girdhari Lal Bhargava,M,BJP,325668,Nawal Kishore Sharma S/O Pt. Mool Chand Sharma,M,INC,199741,125927,1991,BJP
329,329,Rajasthan,7,Dausa,GEN,Rajesh Pilot,M,INC,242618,Nathu Singh,M,BJP,179337,63281,1991,INC
330,330,Rajasthan,8,Alwar,GEN,Mahendra Kumari (W),F,BJP,201430,Ram Singh Yadav,M,INC,98024,103406,1991,BJP
331,331,Rajasthan,9,Bharatpur,GEN,Krashender Kaur (Deepa) (W),F,BJP,201596,Tayyab Husen,M,JP,105840,95756,1991,BJP
332,332,Rajasthan,10,Bayana,SC,Gangaram Koli,M,BJP,157112,Jagan Nath Pahadia,M,INC,121676,35436,1991,BJP
333,333,Rajasthan,11,Sawai Madhopur,ST,Kunjilal,M,BJP,185556,Ramswaroop Meena,M,INC,168330,17226,1991,BJP
334,334,Rajasthan,12,Ajmer,GEN,Rasa Singh Rawat,M,BJP,211676,Jagdeep Dhankhar,M,INC,186333,25343,1991,BJP
335,335,Rajasthan,13,Tonk,SC,Ram Narain Berwa,M,BJP,176290,Ramkanwar Berwa,M,INC,163271,13019,1991,BJP
336,336,Rajasthan,14,Kota,GEN,Dau Dayal Joshi,M,BJP,227846,Shanti Kumar Dhariwal,M,INC,167443,60403,1991,BJP
337,337,Rajasthan,15,Jhalawar,GEN,Vasundhara Raje (W),F,BJP,245956,Man Singh,M,INC,154796,91160,1991,BJP
338,338,Rajasthan,16,Banswara,ST,Prabhulal Rawat,M,INC,233668,Bahadur Singh,M,JD,118661,115007,1991,INC
339,339,Rajasthan,17,Salumber,ST,Bheru Lal Meena,M,INC,232585,Mahavir Bhagora,M,BJP,162727,69858,1991,INC
340,340,Rajasthan,18,Udaipur,GEN,Girja Vyas (W),F,INC,271147,Gulab Chandra Kataria,M,BJP,244524,26623,1991,INC
341,341,Rajasthan,19,Chittorgarh,GEN,Jaswant Singh,M,BJP,256166,Mahendra Singh Mewar,M,INC,237748,18418,1991,BJP
342,342,Rajasthan,20,Bhilwara,GEN,Shiv Charan Mathur,M,INC,217117,Ram Swaroop Gupta,M,BJP,206356,10761,1991,INC
343,343,Rajasthan,21,Pali,GEN,Gumanmal Lodha,M,BJP,219715,Dharmichand Jain,M,INC,200414,19301,1991,BJP
344,344,Rajasthan,22,Jalore,SC,Buta Singh,M,INC,330702,Jogeshwar Garg,M,BJP,230145,100557,1991,INC
345,345,Rajasthan,23,Barmer,GEN,Ram Niwas Mirdha,M,INC,281840,Kamal Vijay,M,BJP,16878,264962,1991,INC
346,346,Rajasthan,24,Jodhpur,GEN,Ashok Gehlot,M,INC,275900,Ram Narain Bishnoi,M,BJP,226332,49568,1991,INC
347,347,Rajasthan,25,Nagaur,GEN,Nathuram Mirdha,M,INC,343238,Sushil,M,BJP,188194,155044,1991,INC
348,348,Sikkim,1,Sikkim,GEN,Dil Kumari Bhandari (W),F,SSP,103970,Phur Tshering Lepcha,M,IND,3759,100211,1991,SSP
349,349,Tamil Nadu,1,Madras North,GEN,D. Pandian,M,INC,400454,Arunachalam Alias Aladi Aruna,M,DMK,281936,118518,1991,INC
350,350,Tamil Nadu,2,Madras Central,GEN,Anbarasu Era,M,INC,312302,Somu N.V.N.,M,DMK,209031,103271,1991,INC
351,351,Tamil Nadu,3,Madras South,GEN,R. Sridharan,M,AIADMK,418493,T.R. Balu,M,DMK,255965,162528,1991,AIADMK
352,352,Tamil Nadu,4,Sriperumbudur,SC,Maragatham Chandrasekar (W),F,INC,400741,K. Sundaram,M,DMK,220169,180572,1991,INC
353,353,Tamil Nadu,5,Chengalpattu,GEN,Rajemdra Kumar S.S.R.,M,AIADMK,351613,Arumugam C,M,DMK,198407,153206,1991,AIADMK
354,354,Tamil Nadu,6,Arakkonam,GEN,Jeevarathinam R.,M,INC,348516,Kannaiyan M.,M,DMK,171806,176710,1991,INC
355,355,Tamil Nadu,7,Vellore,GEN,Akber Pasha B.,M,INC,383177,Shanmugam P.,M,DMK,184008,199169,1991,INC
356,356,Tamil Nadu,8,Tiruppattur,GEN,Jaya Mohan A.,M,INC,387649,Alagiri K.C.,M,DMK,197188,190461,1991,INC
357,357,Tamil Nadu,9,Vandavasi,GEN,Krishnaswamy M.,M,INC,354451,Venugopal D.,M,DMK,177356,177095,1991,INC
358,358,Tamil Nadu,10,Tindivanam,GEN,Rama Murthee K.,M,INC,341971,Dhayanithi N.,M,DMK,171822,170149,1991,INC
359,359,Tamil Nadu,11,Cuddalore,GEN,Kaliaperumal P.P.,M,INC,360445,Bhuvarahan G.,M,JD,152388,208057,1991,INC
360,360,Tamil Nadu,12,Chidambaram,SC,Vallalperuman P.,M,INC,306121,Sulochana Ayyasamy (W),F,DMK,169231,136890,1991,INC
361,361,Tamil Nadu,13,Dharmapuri,GEN,Thangka Balu K.V.,M,INC,322138,Elangovan P.D.,M,PMK,171649,150489,1991,INC
362,362,Tamil Nadu,14,Krishnagiri,GEN,Rama Murthy K.,M,INC,353033,Manickam R.,M,JD,139919,213114,1991,INC
363,363,Tamil Nadu,15,Rasipuram,SC,Devarajan B.,M,INC,422400,Suhenya I. (W),F,DMK,149415,272985,1991,INC
364,364,Tamil Nadu,16,Salem,GEN,Rangarajanm Kumaramangalam,M,INC,406042,Arthanarisamy K.P.,M,DMK,123474,282568,1991,INC
365,365,Tamil Nadu,17,Tiruchengode,GEN,Soundaram K.S. (W),F,AIADMK,521580,Ramalingam K.P.,M,DMK,207099,314481,1991,AIADMK
366,366,Tamil Nadu,18,Nilgiris,GEN,Prabhu R.,M,INC,387707,Doraisamy S.,M,DMK,206905,180802,1991,INC
367,367,Tamil Nadu,19,Gobichettipalayam,GEN,Narayanan P.G.,M,AIADMK,397431,Lakshmanaiyer G.S.,M,JD,148270,249161,1991,AIADMK
368,368,Tamil Nadu,20,Coimbatore,GEN,Kuppuswamy C.K.,M,INC,408891,Ramani K.,M,CPM,222827,186064,1991,INC
369,369,Tamil Nadu,21,Pollachi,SC,Rajaravivarma B.,M,AIADMK,414810,Dhandapani C.T.,M,DMK,208540,206270,1991,AIADMK
370,370,Tamil Nadu,22,Palani,GEN,Senapathi Gounder A.,M,INC,445897,Kumarsamy K.,M,DMK,185755,260142,1991,INC
371,371,Tamil Nadu,By Polls (1993),Palani,GEN,Kumaraswamy,M,AIADMK,278955,Smt.Subbulaxmi,M,DMK,234070,44885,1991,AIADMK
372,372,Tamil Nadu,23,Dindigul,GEN,C. Srinivasan,M,AIADMK,416652,K. Maya Thevar,M,DMK,192235,224417,1991,AIADMK
373,373,Tamil Nadu,24,Madurai,GEN,Ram Babu A.G.S.,M,INC,425769,Mohan P.,M,CPM,183609,242160,1991,INC
374,374,Tamil Nadu,25,Periyakulam,GEN,R. Ramasamy,M,AIADMK,382759,Rama Krishanan Cumbam,M,DMK,168799,213960,1991,AIADMK
375,375,Tamil Nadu,26,Karur,GEN,Murugesan N.,M,AIADMK,475571,Thirunavukkarasu D.,M,DMK,205602,269969,1991,AIADMK
376,376,Tamil Nadu,27,Tiruchirappalli,GEN,L. Adaikala Raj,M,INC,414628,T.K. Rangarajan,M,CPM,204922,209706,1991,INC
377,377,Tamil Nadu,28,Perambalur,SC,Asokraj A.,M,AIADMK,375430,Ramaswamy S.V.,M,DMK,180480,194950,1991,AIADMK
378,378,Tamil Nadu,29,Mayiladuthurai,GEN,Mani Shankar Aiyar,M,INC,364598,Kaliyanam Kuttalam P.,M,DMK,202661,161937,1991,INC
379,379,Tamil Nadu,30,Nagapattinam,SC,Padma (W),F,INC,327413,Selvarasu M.,M,CPI,301697,25716,1991,INC
380,380,Tamil Nadu,31,Thanjavur,GEN,Thulasiah Vandayar K.,M,INC,381932,Palanimanickam S.,M,DMK,219862,162070,1991,INC
381,381,Tamil Nadu,32,Pudukkottai,GEN,Sundararaj N.,M,INC,460795,Chandrasekaran K.,M,DMK,241074,219721,1991,INC
382,382,Tamil Nadu,33,Sivaganga,GEN,Chindambaram P.,M,INC,402029,Kasinathan V.,M,DMK,173432,228597,1991,INC
383,383,Tamil Nadu,34,Ramanathapuram,GEN,Rajeshwaran V.,M,INC,348415,Kather Batcha Alias Vellaichamy S.,M,DMK,176889,171526,1991,INC
384,384,Tamil Nadu,35,Sivakasi,GEN,Kanga Govindarajulu R.,M,AIADMK,365155,Sri Nivasan A.,M,CPI,202065,163090,1991,AIADMK
385,385,Tamil Nadu,36,Tirunelveli,GEN,Janarthanan M.R.,M,AIADMK,351048,Kandasamy K.P.,M,DMK,197456,153592,1991,AIADMK
386,386,Tamil Nadu,37,Tenkasi,SC,Arunachalam M.,M,INC,381721,Sadhan Thirumalaikumar T.,M,DMK,199635,182086,1991,INC
387,387,Tamil Nadu,38,Tiruchendur,GEN,Dhanushkodi Athinthan R.,M,INC,381521,Anton Gomez G.,M,JD,122745,258776,1991,INC
388,388,Tamil Nadu,39,Nagercoil,GEN,N. Dennis,M,INC,279813,P. Muhammadd Ismail,M,JD,154900,124913,1991,INC
389,389,Tripura,1,Tripura West,GEN,Santosh Mohan Deo,M,INC,464743,Manik Sarkar,M,CPM,35759,428984,1991,INC
390,390,Tripura,2,Tripura East,ST,Bibhu Kumari Devi (W),F,INC,377436,Baju Ban Riyan,M,CPM,30783,346653,1991,INC
391,391,Uttar Pradesh,1,Tehri Garhwal,GEN,Manbendra Shah,M,BJP,158006,Brahm Dutt,M,INC,112103,45903,1991,BJP
392,392,Uttar Pradesh,2,Garhwal,GEN,Bhuwan Chand,M,BJP,173470,Satpalji Maharaj,M,INC,148457,25013,1991,BJP
393,393,Uttar Pradesh,3,Almora,GEN,Jeewan,M,BJP,149761,Harish Chandra Singh Rawat,M,INC,120616,29145,1991,BJP
394,394,Uttar Pradesh,4,Nainital,GEN,Balraj Pasi,M,BJP,167509,Narayan Datt Tiwari,M,INC,156080,11429,1991,BJP
395,395,Uttar Pradesh,5,Bijnor,SC,Mangal Ram Premi,M,BJP,247465,Mayawati (W),F,BSP,159731,87734,1991,BJP
396,396,Uttar Pradesh,6,Amroha,GEN,Chetan Chauhan,M,BJP,225805,Har Govind,M,JD,167928,57877,1991,BJP
397,397,Uttar Pradesh,7,Moradabad,GEN,Gulam Mohammed Khan,M,JD,201739,V.P. Singhal,M,BJP,187761,13978,1991,JD
398,398,Uttar Pradesh,8,Rampur,GEN,Rajendra Kumar Sharma,M,BJP,213429,Zulfiquar Ali Khan,M,INC,163620,49809,1991,BJP
399,399,Uttar Pradesh,9,Sambhal,GEN,Sri Pal Singh,M,JD,120134,Har Pal Singh,M,BJP,118429,1705,1991,JD
400,400,Uttar Pradesh,10,Budaun,GEN,Chinmaya Nand,M,BJP,161957,Sharad Yadav,M,JD,146378,15579,1991,BJP
401,401,Uttar Pradesh,11,Aonla,GEN,Rajveer Singh,M,BJP,156703,Rama Kashyap (W),F,INC,84223,72480,1991,BJP
402,402,Uttar Pradesh,12,Bareilly,GEN,Santosh Kumar Gangwar,M,BJP,232018,Akbar Ahmad,M,INC,194272,37746,1991,BJP
403,403,Uttar Pradesh,13,Pilibhit,GEN,Parashuram,M,BJP,146633,Maneka Gandhi (W),F,JP,139710,6923,1991,BJP
404,404,Uttar Pradesh,14,Shahjahanpur,GEN,Satya Pal Singh Yadav (Siwara),M,JD,137932,Nirbhay Chand Seth,M,BJP,124616,13316,1991,JD
405,405,Uttar Pradesh,15,Kheri,GEN,Gendan Lal Kanaujia,M,BJP,144375,Usha Verma (W),F,INC,107281,37094,1991,BJP
406,406,Uttar Pradesh,16,Shahabad,GEN,Surendra Pal Pathak,M,BJP,128753,Dharmraj Singh,M,INC,97618,31135,1991,BJP
407,407,Uttar Pradesh,17,Sitapur,GEN,Janardan Prasad Misra,M,BJP,134569,Rajendra Kuumari Bajpai (W),F,INC,96863,37706,1991,BJP
408,408,Uttar Pradesh,18,Misrikh,SC,Ram Lal Rahi,M,INC,143083,R.K. Adim,M,BJP,123684,19399,1991,INC
409,409,Uttar Pradesh,19,Hardoi,SC,Jai Prakash,M,BJP,133025,Mitan,M,INC,94768,38257,1991,BJP
410,410,Uttar Pradesh,20,Lucknow,GEN,Atal Bihari Vajpayee,M,BJP,194886,Ranjeet Singh,M,INC,77583,117303,1991,BJP
411,411,Uttar Pradesh,21,Mohanlalganj,SC,Chhotey Lal,M,BJP,104516,Dinesh Kumar Alias D.K. Anand,M,JP,94304,10212,1991,BJP
412,412,Uttar Pradesh,22,Unnao,GEN,Devi Bux Singh,M,BJP,119227,Ziyaurahaman,M,INC,100278,18949,1991,BJP
413,413,Uttar Pradesh,23,Rae Bareli,GEN,Sheila Kaul (W),F,INC,102331,Ashok Kumar Singh,M,JD,98414,3917,1991,INC
414,414,Uttar Pradesh,24,Pratapgarh,GEN,Abhai Pratap Singh,M,JD,110838,Udai Raj Misra,M,BJP,107142,3696,1991,JD
415,415,Uttar Pradesh,25,Amethi,GEN,Rajiv Gandhi,M,INC,187138,Ravindra Pratap,M,BJP,75053,112085,1991,INC
416,416,Uttar Pradesh,By Polls (1991),Amethi,GEN,C. S. K. Sharma,M,INC,178996,M.M.Singh,M,BJP,79687,99309,1991,INC
417,417,Uttar Pradesh,26,Sultanpur,GEN,Vishwanath Dass Shastri,M,BJP,137485,Ram Singh,M,JD,60529,76956,1991,BJP
418,418,Uttar Pradesh,27,Akbarpur,SC,Ram Awadh,M,JD,133060,Bechan Ram,M,BJP,132904,156,1991,JD
419,419,Uttar Pradesh,28,Faizabad,GEN,Vinaya Katiyar,M,BJP,169571,Mitrasen Yadav,M,CPI,112008,57563,1991,BJP
420,420,Uttar Pradesh,29,Barabanki,SC,Ram Sagar,M,JP,121803,Kapil Deo,M,BJP,118005,3798,1991,JP
421,421,Uttar Pradesh,30,Kaiserganj,GEN,Laxmi Narain Mani Tripathi,M,BJP,175495,Maulana Siraj Ahamed,M,JP,132942,42553,1991,BJP
422,422,Uttar Pradesh,31,Bahraich,GEN,Rudrasen Choudhary,M,BJP,174272,Arif Md. Khan,M,IND,111063,63209,1991,BJP
423,423,Uttar Pradesh,32,Balrampur,GEN,Satya Deo Singh,M,BJP,211835,Syed Mujaffar Husain Kichhochwi,M,JP,102380,109455,1991,BJP
424,424,Uttar Pradesh,33,Gonda,GEN,Brij Bhusan Saran Singh,M,BJP,217115,Anand Singh Alish Annu Bhaiya,M,INC,114131,102984,1991,BJP
425,425,Uttar Pradesh,34,Basti,SC,Shyam Lal Kamal,M,BJP,160375,Ram Dularey Sonker,M,JD,88910,71465,1991,BJP
426,426,Uttar Pradesh,35,Domariyaganj,GEN,Rampal Singh,M,BJP,197748,Mohsina Kidwai (W),F,INC,139631,58117,1991,BJP
427,427,Uttar Pradesh,36,Khalilabad,GEN,Asht Bhuja Prasad Shukla,M,BJP,121924,Surendra Yadav,M,JD,116833,5091,1991,BJP
428,428,Uttar Pradesh,37,Bansgaon,SC,Raj Naraiyan,M,BJP,124578,Mahavir Prasad,M,INC,98437,26141,1991,BJP
429,429,Uttar Pradesh,38,Gorakhpur,GEN,Awaidya Nath,M,BJP,228736,Sharda Prasad Rawat,M,JD,137377,91359,1991,BJP
430,430,Uttar Pradesh,39,Maharajganj,GEN,Pankaj Choudhari,M,BJP,155650,Jitendra Singh,M,INC,121923,33727,1991,BJP
431,431,Uttar Pradesh,40,Padrauna,GEN,Ramnagina Mishra,M,BJP,169966,B.N. Singh,M,JD,112158,57808,1991,BJP
432,432,Uttar Pradesh,41,Deoria,GEN,Mohan Singh,M,JD,168444,Govind Prasad Rai,M,BJP,151267,17177,1991,JD
433,433,Uttar Pradesh,42,Salempur,GEN,Harikewal,M,JD,139167,Rambelash,M,BJP,94600,44567,1991,JD
434,434,Uttar Pradesh,43,Ballia,GEN,Chandra Shekhar,M,JP,213066,Jagannath Chaudhari,M,INC,154518,58548,1991,JP
435,435,Uttar Pradesh,44,Ghosi,GEN,Kalp Nath,M,INC,142058,Rajkumar,M,JD,137629,4429,1991,INC
436,436,Uttar Pradesh,45,Azamgarh,GEN,Chandra Jeet,M,JD,156238,Janardan Singh,M,BJP,109605,46633,1991,JD
437,437,Uttar Pradesh,46,Lalganj,SC,Ram Badan,M,JD,129368,Shayam Dhari,M,BJP,119730,9638,1991,JD
438,438,Uttar Pradesh,47,Machhlishahr,GEN,Sheo Saran Verma,M,JD,140442,Raj Keshar Singh,M,BJP,107903,32539,1991,JD
439,439,Uttar Pradesh,48,Jaunpur,GEN,Arjun Singh Yadava,M,JD,153738,Raja Yadvendra Dutt,M,BJP,107958,45780,1991,JD
440,440,Uttar Pradesh,49,Saidpur,SC,Rajnath Sonkar Shastri,M,JD,122933,Ram Sagar,M,BJP,106498,16435,1991,JD
441,441,Uttar Pradesh,50,Ghazipur,GEN,Bishva Nath Shastri,M,CPI,191339,Manoj,M,BJP,159045,32294,1991,CPI
442,442,Uttar Pradesh,51,Chandauli,GEN,Anand Ratan Mourya,M,BJP,135602,Kailash Nath Singh Yadav,M,JD,123305,12297,1991,BJP
443,443,Uttar Pradesh,52,Varanasi,GEN,Sheesh Chandra Dixit,M,BJP,186333,Raj Kishore,M,CPM,145894,40439,1991,BJP
444,444,Uttar Pradesh,53,Robertsganj,SC,Ram Nihore,M,JD,135546,Subedar Prasad,M,BJP,107529,28017,1991,JD
445,445,Uttar Pradesh,54,Mirzapur,GEN,Birendra,M,BJP,163250,Yusuf Baig,M,JD,142645,20605,1991,BJP
446,446,Uttar Pradesh,55,Phulpur,GEN,Ram Pujan Patel,M,JD,150640,Beni Madho Bind,M,BSP,91039,59601,1991,JD
447,447,Uttar Pradesh,56,Allahabad,GEN,Saroj Dubey (W),F,JD,114898,Shyama Charan Gupta,M,BJP,109702,5196,1991,JD
448,448,Uttar Pradesh,57,Chail,SC,Shashi Prakash,M,JD,121260,Manju Chandra (W),F,BJP,96885,24375,1991,JD
449,449,Uttar Pradesh,58,Fatehpur,GEN,Vishwa Nath Pratap Singh,M,JD,191518,Vijai Sachan,M,BJP,54909,136609,1991,JD
450,450,Uttar Pradesh,59,Banda,GEN,Prakash Narain,M,BJP,101836,Babulal Kushwaha,M,BSP,91652,10184,1991,BJP
451,451,Uttar Pradesh,60,Hamirpur,GEN,Vishwanath Sharma,M,BJP,94137,Ganga Charan Rajput,M,JD,90092,4045,1991,BJP
452,452,Uttar Pradesh,61,Jhansi,GEN,Rajendra Agnihotri,M,BJP,185185,Om Prakash Richariya,M,IND,103114,82071,1991,BJP
453,453,Uttar Pradesh,62,Jalaun,SC,Gaya Prasad Kori,M,BJP,151007,Rama Dhin,M,BSP,105355,45652,1991,BJP
454,454,Uttar Pradesh,63,Ghatampur,SC,Keshari Lal,M,JD,139560,Ram Nath Kovind,M,BJP,95913,43647,1991,JD
455,455,Uttar Pradesh,64,Bilhaur,GEN,Shyam Bihari Mishra,M,BJP,137421,Kuwar Sarwan Kumar Singh,M,JP,95797,41624,1991,BJP
456,456,Uttar Pradesh,65,Kanpur,GEN,Jagatveer Singh Bron,M,BJP,193275,R.N. Pathak,M,INC,79654,113621,1991,BJP
457,457,Uttar Pradesh,66,Etawah,GEN,Kanshi Ram,M,BSP,144290,Lal Singh Verma,M,BJP,121824,22466,1991,BSP
458,458,Uttar Pradesh,67,Kannauj,GEN,Chhote Singh Yadav,M,JP,172594,T.N. Chaturvedi,M,BJP,111419,61175,1991,JP
459,459,Uttar Pradesh,68,Farrukhabad,GEN,Salman Khurseed,M,INC,142842,Anwar Mohaammad Khan,M,JP,104692,38150,1991,INC
460,460,Uttar Pradesh,69,Mainpuri,GEN,Udai Pratap Singh,M,JP,126463,Ram Naresh Agnihotri,M,BJP,114298,12165,1991,JP
461,461,Uttar Pradesh,70,Jalesar,GEN,Swamy Sureshnand,M,BJP,115113,Sushella Brijraj Singh (W),F,JD,90821,24292,1991,BJP
462,462,Uttar Pradesh,71,Etah,GEN,Mahadeepak Singh,M,BJP,148169,Latoori Singh,M,JP,123937,24232,1991,BJP
463,463,Uttar Pradesh,72,Firozabad,SC,Prabhu Dayal Katheria,M,BJP,130375,Shiv Narayan Gautam,M,JD,129043,1332,1991,BJP
464,464,Uttar Pradesh,73,Agra,GEN,Bhagwan Shanker Rawat,M,BJP,187328,Ajay Singh /O Bhagwan Singh,M,JD,124202,63126,1991,BJP
465,465,Uttar Pradesh,74,Mathura,GEN,Swami Sakshi Ji,M,BJP,156523,Laxmi Narayan Chaudhary,M,JD,141011,15512,1991,BJP
466,466,Uttar Pradesh,75,Hathras,SC,Lal Bahadur Rawal,M,BJP,183628,Mul Chandra,M,JD,109284,74344,1991,BJP
467,467,Uttar Pradesh,76,Aligarh,GEN,Shila Devi Gautam (W),F,BJP,177161,Baldev Singh,M,JD,164686,12475,1991,BJP
468,468,Uttar Pradesh,77,Khurja,SC,Roshan,M,JD,188737,Lakshmi Chand,M,BJP,165520,23217,1991,JD
469,469,Uttar Pradesh,78,Bulandshahr,GEN,Chhatterpal,M,BJP,163929,Imtyaj Mohd. Khan,M,INC,115119,48810,1991,BJP
470,470,Uttar Pradesh,79,Hapur,GEN,Ramesh Chandra Tomer,M,BJP,190730,K.C. Tyagi,M,JD,166516,24214,1991,BJP
471,471,Uttar Pradesh,81,Baghpat,GEN,Ajit Singh,M,JD,288742,Zile Singh,M,INC,91634,197108,1991,JD
472,472,Uttar Pradesh,82,Muzaffarnagar,GEN,Naresh Kumar Baliyan,M,BJP,271638,Mufti Mohammed Sayeed,M,JD,175987,95651,1991,BJP
473,473,Uttar Pradesh,83,Kairana,GEN,Harpal,M,JD,223892,Udayvir Singh,M,BJP,201223,22669,1991,JD
474,474,Uttar Pradesh,84,Saharanpur,GEN,Rashed Masood,M,JD,246445,Naqali Singh,M,BJP,228103,18342,1991,JD
475,475,Uttar Pradesh,85,Hardwar,SC,Ram Singh,M,BJP,205182,Dharam Singh,M,JD,197985,7197,1991,BJP
476,476,West Bengal,1,Cooch Behar,SC,Amar Roy Pradhan,M,FBL,414037,Sabita Ray (W),F,INC,281805,132232,1991,FBL
477,477,West Bengal,2,Alipurduars,ST,Pius Tirkey,M,RSP,365370,Philip Minj,M,INC,235258,130112,1991,RSP
478,478,West Bengal,3,Jalpaiguri,GEN,Jitendra Nath Das,M,CPI,364285,Tushar Kanti Choudhuri,M,INC,249929,114356,1991,CPI
479,479,West Bengal,4,Darjeeling,GEN,Inder Jeet,M,INC,354645,Ananda Pathak,M,CPM,302748,51897,1991,INC
480,480,West Bengal,5,Raiganj,GEN,Sybarta Mukerjee,M,CPI,310167,Golam Yazdani,M,INC,280199,29968,1991,CPI
481,481,West Bengal,6,Balurghat,SC,Palas Barman,M,RSP,353159,Rasendra Nath Barman,M,INC,267078,86081,1991,RSP
482,482,West Bengal,7,Malda,GEN,Abul Barkat Ataul G K Choudhury,M,INC,291835,Sailen Sarkar,M,CPM,290015,1820,1991,INC
483,483,West Bengal,8,Jangipur,GEN,Abedin Zainal,M,CPI,303254,Mannan Hossain,M,INC,256615,46639,1991,CPI
484,484,West Bengal,9,Murshidabad,GEN,Masudal Hossain Syed,M,CPI,382003,Ali Hossain Mondal,M,INC,269402,112601,1991,CPI
485,485,West Bengal,10,Berhampore,GEN,Nani Bhatacharyya,M,RSP,345678,Kumar Dipti Sengupta,M,INC,266469,79209,1991,RSP
486,486,West Bengal,11,Krishnanagar,GEN,Ajoy Mukhopadhyay,M,CPI,324508,Jyotirmoy Bhattacharjee (Nitu),M,INC,264933,59575,1991,CPI
487,487,West Bengal,12,Nabadwip,SC,Asim Bala,M,CPI,418374,Apuurbalal Majumdar,M,INC,351797,66577,1991,CPI
488,488,West Bengal,13,Barasat,GEN,Chitta Basu,M,FBL,382896,Ashok Krishna Dutt,M,INC,338475,44421,1991,FBL
489,489,West Bengal,14,Basirhat,GEN,Monoranjan Sur,M,CPI,357774,Sardar Amjad Ali,M,INC,286132,71642,1991,CPI
490,490,West Bengal,15,Joynagar,SC,Sanat Kumar Mandal,M,RSP,338408,Naraiyan Naskar,M,INC,206103,132305,1991,RSP
491,491,West Bengal,16,Mathurapur,SC,Radhika Ranjan Pramanick,M,CPI,342708,Monoranjan Haldher,M,INC,322962,19746,1991,CPI
492,492,West Bengal,17,Diamond Harbour,GEN,Amal Dutta,M,CPI,338884,Maya Ghosh (W),F,INC,293372,45512,1991,CPI
493,493,West Bengal,18,Jadavpur,GEN,Malini Bhattacharya (W),F,CPI,398896,Santosh Bhattacharya,M,INC,348595,50301,1991,CPI
494,494,West Bengal,19,Barrackpore,GEN,Tarit Barban Topdar,M,CPI,324025,Devi Ghoshal,M,INC,264173,59852,1991,CPI
495,495,West Bengal,20,Dum Dum,GEN,Nirmal Kanti Chatterjee,M,CPI,446564,Lal Bahadur Singh,M,INC,341699,104865,1991,CPI
496,496,West Bengal,21,Calcutta North West,GEN,Debi Prosad Pal,M,INC,166227,Dilip Chakravarty,M,JD,134408,31819,1991,INC
497,497,West Bengal,22,Calcutta North East,GEN,Ajit Kumar Panja,M,INC,276399,Pratap Chandra,M,JD,204943,71456,1991,INC
498,498,West Bengal,23,Calcutta South,GEN,Mamata Banerjee (W),F,INC,367896,Biplab Das Gupta,M,CPM,274233,93663,1991,INC
499,499,West Bengal,24,Howrah,GEN,Susanta Chakraborty S/O Sudhir,M,CPI,351744,Priya Ranjan Das Munshi,M,INC,344364,7380,1991,CPI
500,500,West Bengal,25,Uluberia,GEN,Hannan Mollah,M,CPI,371955,Minati Adhikari (W),F,INC,294474,77481,1991,CPI
501,501,West Bengal,26,Serampore,GEN,Sudarsan Roy Chowdhury,M,CPI,366535,Bimalkanti Ghosh,M,INC,322038,44497,1991,CPI
502,502,West Bengal,27,Hooghly,GEN,Rupchand Pal,M,CPI,383238,Umasnkar Halder,M,INC,327579,55659,1991,CPI
503,503,West Bengal,28,Arambagh,GEN,Anil Basu,M,CPI,448318,Sk. Hasan Imam,M,INC,300046,148272,1991,CPI
504,504,West Bengal,29,Panskura,GEN,Gita Mukherjee (W),F,CPI,391509,Sudhanshu Bhowmik,M,INC,265209,126300,1991,CPI
505,505,West Bengal,30,Tamluk,GEN,Satyagopal Misra,M,CPI,352139,Jayanta Bhattacharya,M,INC,351077,1062,1991,CPI
506,506,West Bengal,31,Contai,GEN,Sudhir Giri,M,CPI,323390,Abha Maiti (W),F,INC,300274,23116,1991,CPI
507,507,West Bengal,32,Midnapore,GEN,Indrajit Gupta,M,CPI,396281,Birendra Bijoy Malladev,M,INC,232758,163523,1991,CPI
508,508,West Bengal,33,Jhargram,ST,Rupchand Murmu,M,CPI,375760,Amiya Kisku,M,JKP,223453,152307,1991,CPI
509,509,West Bengal,34,Purulia,GEN,Chitta Ranjan Mahata,M,FBL,336105,Sanat Mukherjee,M,INC,210165,125940,1991,FBL
510,510,West Bengal,By Polls (1991),Purulia,GEN,B. Mahato,M,FBL,356604,K.P.S.Deo,M,INC,222868,133736,1991,FBL
511,511,West Bengal,35,Bankura,GEN,Basudev Acharia,M,CPI,374058,Brajabasi Biswas,M,INC,191435,182623,1991,CPI
512,512,West Bengal,36,Vishnupur,SC,Sukhendu Khan,M,CPI,422385,Sadhan Majhi,M,INC,232112,190273,1991,CPI
513,513,West Bengal,37,Durgapur,SC,Purna Chandra Malik,M,CPI,415011,Bhagabat Maji,M,INC,230395,184616,1991,CPI
514,514,West Bengal,38,Asansol,GEN,Haradhan Roy,M,CPI,316504,Deba Prasad Roy,M,INC,221646,94858,1991,CPI
515,515,West Bengal,39,Burdwan,GEN,Sudhir Ray,M,CPI,479721,Asit Baran Patra,M,INC,257829,221892,1991,CPI
516,516,West Bengal,40,Katwa,GEN,Saifuddin Chowdhry,M,CPI,404358,Nurul Islam,M,IND,249634,154724,1991,CPI
517,517,West Bengal,41,Bolpur,GEN,Chatterjee Somnath,M,CPI,394496,Jivan Mukhopadhyay,M,IND,167872,226624,1991,CPI
518,518,West Bengal,42,Birbhum,SC,Dome Ramchandra,M,CPI,334307,Subhendu Mondal,M,INC,171276,163031,1991,CPI
519,519,Andaman and Nicobar Islands,1,Andaman & Nicobar Islands,GEN,Manoranjan Bhakta,M,INC,54075,Tapan Bepari,M,CPM,47374,6701,1991,INC
520,520,Chandigarh,1,Chandigarh,GEN,Pawan Kumar Bansal,M,INC,76628,Satya Pal Jain,M,BJP,61533,15095,1991,INC
521,521,Dadra And Nagar Haveli,1,Dadra And Nagar Haveli,ST,Delkar Mohanbhai Sanjibhai,M,INC,29907,Patel Ritaben Amrutbhai (W),F,BJP,17142,12765,1991,INC
522,522,Daman And Diu,1,Daman And Diu,GEN,Tandel Dev Ji Jogi Bhai,M,BJP,12095,Tandel Gopal Bhai Kalyan Bhai,M,IND,9808,2287,1991,BJP
523,523,Delhi,1,New Delhi,GEN,Lal Krishan Advani,M,BJP,93662,Rajesh Khanna,M,INC,92073,1589,1991,BJP
524,524,Delhi,By Polls (1992),New Delhi,GEN,R.Khanna,M,INC,101625,S.Sinha,M,BJP,73369,28256,1991,INC
525,525,Delhi,2,South Delhi,GEN,Madan Lal Khurana,M,BJP,208728,Romesh Bhandari,M,INC,158005,50723,1991,BJP
526,526,Delhi,3,Outer Delhi,GEN,Sajjan Kumar,M,INC,346259,Sahib Singh Verma,M,BJP,259468,86791,1991,INC
527,527,Delhi,4,East Delhi,GEN,B.L. Sharma Prem',M,BJP,303141,H.K.L. Bhagat,M,INC,241316,61825,1991,BJP
528,528,Delhi,5,Chandni Chowk,GEN,Tara Chand Khandelwal,M,BJP,80898,Jai Prakash Aggrawal S/O Ram Charan,M,INC,78124,2774,1991,BJP
529,529,Delhi,6,Delhi Sadar,GEN,Jagdish Tytler,M,INC,137453,Vijay Kumar Malhotra,M,BJP,123362,14091,1991,INC
530,530,Delhi,7,Karol Bagh,SC,Kalka Dass,M,BJP,101897,Krishna Tirath (W),F,INC,99397,2500,1991,BJP
531,531,Lakshadweep,1,Lakshadweep,ST,P.M. Sayeed,M,INC,12801,Mohammed Koya Kunnamkulam,M,JD,12520,281,1991,INC
532,532,Pondicherry,1,Pondicherry,GEN,M.D.H. Farook,M,INC,207922,P.K. Lognathan,M,DMK,140313,67609,1991,INC
