,State,PC No.,PC Name,Category,Winner,Gender,Party,Vote,Runner Up,Gender,Party,Vote
0,Andhra Pradesh,1,Srikakulam,GEN,Appayyadora Hanumantu,M,TDP,298167,Rajgopalarao Boddepalli,M,INC,173699
1,Andhra Pradesh,2,Parvathipuram,(ST),Kishore Chandra Suryamarayana Deo Vyricheria,M,ICS,233175,Narasimha Rao Viswasa Rayi,M,INC,184495
2,Andhra Pradesh,3,Bobbili,GEN,Anand Gajapathi Raju Poosapati,M,TDP,315156,Penumetcha Samba Siva Raju,M,INC,177573
3,Andhra Pradesh,4,Visakhapatnam,GEN,Bhattam Sreerama Murthy,M,TDP,334399,Narayana Murthy Patrudu Sukhavasi,M,INC,193968
4,Andhra Pradesh,5,Bhadrachalam,(ST),Sode Ramaiah,M,CPI,195618,B.Radhabai Anandarao,F,INC,170978
5,Andhra Pradesh,6,Anakapalli,GEN,Appalanarasimham P.,M,TDP,322347,Appalanaidy S.R.A.S.,M,INC,147531
6,Andhra Pradesh,7,Kakinada,GEN,Thota Gopala Krishna,M,TDP,344038,Sanjeeva Rao M.S.,M,INC,214324
7,Andhra Pradesh,8,Rajahmundry,GEN,Srihari Rao,M,TDP,381091,Satyanarayana Rao S.B.P.B.K.,M,INC,227213
8,Andhra Pradesh,9,Amalapuram,(SC),Aithabathula Jogeswara Venkata,M,TDP,317481,Kusuma Krishna Murthy,M,INC,197750
9,Andhra Pradesh,10,Narsapuram,GEN,Vijaya Kumar Raju Bhupathiraju,M,TDP,366534,Alluri Subhaschandra Bose,M,INC,170160
10,Andhra Pradesh,11,Eluru,GEN,Bolla Bulli Ramaiah,M,TDP,351340,Vatti Venkata Ranga Partha Sarathi,M,INC,239688
11,Andhra Pradesh,12,Machilipatnam,GEN,Sambasivarao Kuvuru,M,INC,272513,Vaddi Rangarao,M,TDP,263420
12,Andhra Pradesh,13,Vijayawada,GEN,Vadde Sobhanadreeswara Rao,M,TDP,318023,Chennupati Vidya,F,INC,289579
13,Andhra Pradesh,14,Tenali,GEN,Nissankararao Venkataratnam,M,TDP,256766,Basav Punnayya Singam,M,INC,246328
14,Andhra Pradesh,15,Guntur,GEN,N.G.Ranga,M,INC,293589,Chandraskhara Rao Movva,M,TDP,281695
15,Andhra Pradesh,16,Bapatla,GEN,Chimata Sambu,M,TDP,290492,Rajeswara Rao Maddirala,M,INC,256072
16,Andhra Pradesh,17,Narasaraopet,GEN,Katuri Narayanaswamy,M,TDP,295059,Kasu Bramananda Reddy,M,INC,280821
17,Andhra Pradesh,18,Ongole,GEN,Bezawada Papireddy,M,TDP,287662,Nkata Reddy Puli,M,INC,269519
18,Andhra Pradesh,19,Nellore,(SC),Penchalaiah Puchalapalli,M,TDP,296284,Orepalli Venkata Subbaiah,M,INC,242733
19,Andhra Pradesh,20,Tirupati,(SC),Chinta Mohan,M,TDP,318467,Penchalaiah Pasala,M,INC,283686
20,Andhra Pradesh,21,Chittoor,GEN,N.P.Jhansi Lakshmi,F,TDP,332543,Amaranadha Reddy Nallari,M,INC,271332
21,Andhra Pradesh,22,Rajampet,GEN,Palakondrayudu Sugavasi,M,TDP,298060,A.Sai Prathap,M,INC,180913
22,Andhra Pradesh,23,Cuddapah,GEN,D.N.Reddy,M,TDP,332915,Obula Reddy Kandula,M,INC,278607
23,Andhra Pradesh,24,Hindupur,GEN,K. Ramachandra Reddy,M,TDP,349239,D. Reddappa Reddy,M,INC,193902
24,Andhra Pradesh,25,Anantapur,GEN,Devineni Narayana Swamy,M,TDP,302307,Daruru Pullaiah,M,INC,193658
25,Andhra Pradesh,26,Kurnool,GEN,Erasu Ayyapu Reddy,M,TDP,253832,Kotla Vijaya Bhaskara Reddy,M,INC,246542
26,Andhra Pradesh,27,Nandyal,GEN,Maddur Subba Reddy,M,TDP,298420,Pendekanti Venkata Subbaiah,M,INC,248157
27,Andhra Pradesh,28,Nagarkurnool,(SC),V. Tulsiram,M,TDP,301089,Anantharamulu Mallu,M,INC,211952
28,Andhra Pradesh,29,Mahabubnagar,GEN,Sudini Jaipal Reddy,M,JNP,274064,Mallikarjun,M,INC,193961
29,Andhra Pradesh,30,Hyderabad,GEN,Sultan Salahuddin Owaise,M,IND,222187,K.Prahbakara Reddy,M,TDP,218706
30,Andhra Pradesh,31,Secunderabad,GEN,T.Anjaiah,M,INC,246309,Bandaru Dattareya,M,BJP,237835
31,Andhra Pradesh,By Polls (1987),Secunderabad,GEN,T.Manemmhja(W),F,INC,182861,B.P.Reddy,M,TDP,90300
32,Andhra Pradesh,32,Siddipet,(SC),G.Vijayaramarao,M,TDP,253243,Yelliah Nandi,M,INC,239042
33,Andhra Pradesh,33,Medak,GEN,P.Manik Reddy,M,TDP,263524,P.Manik Reddy,M,INC,261708
34,Andhra Pradesh,34,Nizamabad,GEN,Tadur Bala Goud,M,INC,251172,M. Narayan Reddy,M,TDP,248725
35,Andhra Pradesh,35,Adilabad,GEN,C. Madhav Reddy,M,TDP,238440,C. Narisimha Reddy,M,INC,183882
36,Andhra Pradesh,36,Peddapalli,(SC),Gotte Bhoopathy,M,TDP,246334,Ganta Srihari,M,INC,199376
37,Andhra Pradesh,37,Karimnagar,GEN,Juvvadi Chokkarao,M,INC,243357,Chenna Reddy M.,M,IND,164750
38,Andhra Pradesh,38,Hanamkonda,GEN,Chandupatla Janga Reddy,M,BJP,263762,P.V. Narasimha Rao,M,INC,209564
39,Andhra Pradesh,39,Warangal,GEN,T. Kalpana Devi,F,TDP,232088,Kamaluddin Ahmed,M,INC,223632
40,Andhra Pradesh,40,Khammam,GEN,Jalagam Vengala Rao,M,INC,261056,Nallamala Prasad Rao,M,CPI,169557
41,Andhra Pradesh,41,Nalgonda,GEN,Mallareddy Raguma Reddy,M,TDP,324973,Damodar Reddy Tummalpally,M,INC,210563
42,Andhra Pradesh,42,Miryalguda,GEN,Bhimreddy Narsimha Reddy,M,CPM,282973,Chakilam Sreenivasa Rao,M,INC,241218
43,Arunachal Pradesh,1,Arunachal West,GEN,P.K.Thangon,M,INC,56219,Tomo Riba,M,PPA,55758
44,Arunachal Pradesh,2,Arunachal East,GEN,Wangpha Lowang,M,INC,41912,Bakin Pertin,M,PPA,22697
45,Bihar,1,Bagaha,(SC),Bhola Raut,M,INC,209301,Jagannath Prasad Swatantra,M,JNP,43767
46,Bihar,2,Bettiah,GEN,Manoj Kumar Pande,M,INC,223945,Pitambar Singh,M,CPI,88677
47,Bihar,3,Motihari,GEN,Prabhawati Gupta,F,INC,255980,Kamla Mishra Madhukar,M,CPI,111685
48,Bihar,4,Gopalganj,GEN,Kali Prasad Pandey,M,IND,287360,Nagina Roy,M,LKD,110268
49,Bihar,5,Siwan,GEN,Abdul Ghafoor,M,INC,250235,Janardan Tiwari,M,BJP,112243
50,Bihar,6,Maharajganj,GEN,Krishnapratap Singh,M,INC,255462,Ram Deo Singh,M,JNP,121558
51,Bihar,7,Chapra,GEN,Ram Bahadur Singh,M,JNP,163494,Bhishmaprasad Yadav,M,INC,137488
52,Bihar,8,Hajipur,(SC),Ram Ratan Ram,M,INC,314725,Ram Bilas Paswan,M,LKD,263509
53,Bihar,9,Vaishali,GEN,Kishori Sinha,F,INC,267546,Tarkeshwari Sinha,F,LKD,247593
54,Bihar,10,Muzaffarpur,GEN,Laliteshwar Prasad Shahi,M,INC,325604,Jainarayan Prasad Nishad,M,LKD,176630
55,Bihar,11,Sitamarhi,GEN,Ranshresth Khirhar,M,INC,217307,Indal Singh Navin,M,LKD,95763
56,Bihar,12,Sheohar,GEN,Ram Dulari Singh,F,INC,254881,Hari Kishor Singh,M,JNP,174328
57,Bihar,13,Madhubani,GEN,Abdul Hannan An,M,INC,350684,Bhogendra Jha,M,CPI,201864
58,Bihar,14,Jhanjharpur,GEN,Gauri Shankar Rajhans,M,INC,375745,Dhanik Lal Mandal,M,LKD,170353
59,Bihar,15,Darbhanga,GEN,Vijay Kumar Mishra,M,LKD,224540,Hari Nath Mishra,M,INC,152373
60,Bihar,16,Rosera,(SC),Ram Bhagat Paswan,M,INC,268848,Ram Sewak Hazari,M,LKD,171630
61,Bihar,17,Samastipur,GEN,Ramdeo Rai,M,INC,327585,Karpoori Thakur,M,LKD,219224
62,Bihar,18,Barh,GEN,Prakash Chandra,M,INC,384719,Dharamaveer Singh,M,ICS,161983
63,Bihar,19,Balia,GEN,Chandra Bhanu Devi,F,INC,246049,Surj Narayan Singh,M,CPI,122148
64,Bihar,20,Saharsa,GEN,Chandra Kishore Pathak,M,INC,273793,Vinayak Prasad Yadav,M,LKD,165709
65,Bihar,21,Madhepura,GEN,Mahabir Prasad Yadav,M,INC,298258,Rajendra Prasad Yadav,M,LKD,222961
66,Bihar,22,Araria,(SC),Doomar Lal Baitha,M,INC,294582,Mahendra Nasardar,M,LKD,95696
67,Bihar,23,Kishanganj,GEN,Jamilur Rahman,M,INC,191754,M. Mushtak,M,LKD,75624
68,Bihar,By Polls (1985),Kishanganj,GEN,S.Shahabuddin,M,JNP,212423,I.Haque,M,INC,138731
69,Bihar,24,Purnia,GEN,Madhuree Singh,F,INC,294076,Kamal Natha Jha,M,LKD,103676
70,Bihar,25,Katihar,GEN,Tariq Anwar,M,INC,229883,Juvraj,M,JNP,183940
71,Bihar,26,Rajmahal,(ST),Seth Hembrom,M,INC,154676,Simon Marandi,M,JMM,75820
72,Bihar,27,Dumka,(ST),Prithiwi Chand Kisku,M,INC,199722,Shibu Soren,M,JMM,102535
73,Bihar,28,Godda,GEN,Saminuddin,M,INC,192465,Falguni Prasad Yaddav,M,BJP,72092
74,Bihar,By Polls (1985),Godda,GEN,Salauddin,M,INC,197478,J.Yadav,M,BJP,185901
75,Bihar,29,Banka,GEN,Manorma Singh,F,INC,306703,Janardan Yadav,M,BJP,154731
76,Bihar,By Polls (1985),Banka,GEN,C.Singh,M,INC,162754,G.Fernandes,M,JNP,125659
77,Bihar,By Polls (1986),Banka,GEN,M.Singh,F,INC,186237,G.Fernendes,M,JNP,156853
78,Bihar,30,Bhagalpur,(ST),Bhagwat Jha Azad,M,INC,228030,Jagesar Mandal,M,LKD,197545
79,Bihar,31,Khagaria,GEN,Chandra Shekhar Prasad Verma,M,INC,252055,Yogeshwar Gope,M,CPM,110529
80,Bihar,32,Monghyr,GEN,Devendra Pd. Yadav,M,INC,268328,Brahmanand Singh,M,CPI,104985
81,Bihar,33,Begusarai,GEN,Krishna Shahi,F,INC,387165,Kapil Deo Singh,M,JNP,105529
82,Bihar,34,Nalanda,GEN,Vijay Kumar Yadav,M,CPI,230531,Pankaj Kumar Sinha,M,INC,191060
83,Bihar,35,Patna,GEN,C. P. Thakur,M,INC,214989,Ramavatar Shashtri,M,CPI,142808
84,Bihar,36,Arrah,GEN,Bali Ram Bhagat,M,INC,227206,Noor Ahmad,M,LKD,72284
85,Bihar,37,Buxar,GEN,Kamla Kant Tiwari,M,INC,207732,Tej Narayan Singh,M,CPI,152030
86,Bihar,38,Sasaram,(SC),Jagjiwan Ram,M,ICJ,207275,Mahabir Paswan,M,INC,205903
87,Bihar,39,Bikramganj,GEN,Tapeshwar Singh,M,INC,283232,Ram Awadhesh Singh,M,LKD,281819
88,Bihar,40,Aurangabad,GEN,Satyendra Narain Singh,M,INC,277567,Shankar Deyal Singh,M,JNP,111532
89,Bihar,41,Jahanabad,GEN,Ramasharay Pd. Singh,M,CPI,376640,Mahendra Prasad,M,INC,345664
90,Bihar,42,Nawada,GEN,Kunwar Ram,M,INC,351358,Prem Pradeep,M,CPM,114256
91,Bihar,43,Gaya,(SC),Ram Swaroop Ram,M,INC,234195,Ishwar Chaudhary,M,BJP,149760
92,Bihar,44,Chatra,GEN,Yogeshwar Prasad Yogesh,M,INC,211020,Shukdeo Prasad Verma,M,ICJ,54478
93,Bihar,45,Kodarma,GEN,Tilak Dhari Singh,M,INC,208731,Ritlal Pd. Verma,M,BJP,97348
94,Bihar,46,Giridih,GEN,Sarfraj Ahmed,M,INC,195519,Binod Bihari Mahto,M,IND,70766
95,Bihar,47,Dhanbad,GEN,Shankar Dayal Singh,M,INC,203909,A.K.Roy,M,IND,141614
96,Bihar,48,Hazaribagh,GEN,Damodar Pandey,M,INC,176762,Bhuwaneshwar Pd. Mehto,M,CPI,116381
97,Bihar,49,Ranchi,GEN,Sheo Prasad Sahu,M,INC,162945,Ram Tahal Chowdhary,M,BJP,54384
98,Bihar,50,Jamshedpur,GEN,Gopeshwar,M,INC,196965,Tikaram Manjhi,M,CPI,130763
99,Bihar,51,Singhbhum,(ST),Begun Sumbrui,M,INC,103160,Devendra Majhi,M,IND,42949
100,Bihar,52,Khunti,(ST),Simon Tigga,M,INC,97721,Nirel Enem Horo,M,IND,64711
101,Bihar,53,Lohardaga,(ST),Sumati Oraon,F,INC,157284,Lalit Oraon,M,BJP,55217
102,Bihar,54,Palamu,(SC),Kamla Kumari,F,INC,254846,Ram Sundar Das,M,JNP,69796
103,Goa,1,Panaji,GEN,Shantaram L. Naik,M,INC,88326,Bandekar Motilal Bombi,M,MAG,48778
104,Goa,2,Mormugao,GEN,Eduardo Faleiro,M,INC,100453,Luizinho Faleiro,M,IND,41644
105,Gujarat,1,Kutch,GEN,Ushaben Raghavji Thakkar,F,INC,129624,Mahipatray Mulshanker Mehta,M,LKD,99539
106,Gujarat,2,Surendranagar,GEN,Jhala Digivijaysinhji Pratapsinhji,M,INC,191632,Shah Babulal,M,BJP,155254
107,Gujarat,3,Jamnagar,GEN,Jadeja Daulatsinh Partap Sinh,M,INC,177317,Chelubhai Rambhai,M,IND,154227
108,Gujarat,4,Rajkot,GEN,Mavani Ramaben Ramjibhai,F,INC,225360,Shukla Chimanbhai Harilal,M,BJP,167770
109,Gujarat,5,Porbandar,GEN,Odedara Bharatbhai Maldevji,M,INC,205262,Amin Ramadas Kishordas (R.K.Amin),M,BJP,127311
110,Gujarat,6,Junagadh,GEN,Patel Mohanbhai Laljibhai,M,INC,188441,Ramnikbhai Dhami,M,JNP,156498
111,Gujarat,7,Amreli,GEN,Ravani Navinchandrabhai Parmananddas,M,INC,208205,Pateldwarkadas Mohan Lal,M,IND,170337
112,Gujarat,8,Bhavnagar,GEN,Gohil Gigabhai Bhavubhai,M,INC,132444,Mehta Prasannvadan Manilal,M,JNP,121449
113,Gujarat,9,Dhandhuka,(SC),Narsinhbhai Karsanbhai Makwana,M,INC,194403,Ratilal Kalidas Verma,M,BJP,171787
114,Gujarat,10,Ahmedabad,GEN,Haroobhai Mehta,M,INC,231751,Ashok Bhatt,M,BJP,198614
115,Gujarat,11,Gandhinagar,GEN,G.I.Patel,M,INC,250126,Indubhai Chaturbhai Patel,M,JNP,247372
116,Gujarat,12,Mehsana,GEN,A.K.Patel,M,BJP,287555,Rayanka Sagarbhai Kalyanbhai,M,INC,243659
117,Gujarat,13,Patan,GEN,Vankar Punamchand Mithabhai,M,INC,183052,Chavda Khemchandbhai Sombhai,M,JNP,176265
118,Gujarat,14,Banaskantha,GEN,B.K.Gadhvi,M,INC,182674,Chavda Harisinhji Pratapsinhji,M,JNP,155391
119,Gujarat,15,Sabarkantha,GEN,H.M.Patel,M,JNP,208477,Shantubhai Chunibhai Patel,M,INC,201718
120,Gujarat,16,Kapadvanj,GEN,Solanki Nataversingh Kesarisinghji,M,INC,229664,Gabhaji Mangaji Thakor,M,BJP,197340
121,Gujarat,17,Dohad,GEN,Damor Somjibhai Punjabhai,M,INC,169944,Hathila Narsinhbhai Kanjibhai,M,JNP,55207
122,Gujarat,18,Godhra,GEN,Jaydeepsinhji,M,INC,205741,Solanki Gopalsinh Gulabsinh,M,BJP,119894
123,Gujarat,By Polls (1988),Godhra,GEN,P.S.Pursottambhai,M,JNP,141633,U.Baria,M,INC,104796
124,Gujarat,19,Kaira,GEN,Ajitsinh Fulsinhji Dyabhai,M,INC,292019,Satyam Patel,M,LKD,144586
125,Gujarat,20,Anand,GEN,Ishverbhai Khodabhai Chavada,M,INC,250877,Manubhai Dahyabhai Patel,M,JNP,175704
126,Gujarat,21,Chhota Udaipur,(ST),Rathwa Amarsinh Viriyabhai,M,INC,222414,Kolidhor Bhimsinhbhai Nagjibhai,M,JNP,110427
127,Gujarat,22,Baroda,GEN,Gaekwad Ranjitsinh Pratapshinh,M,INC,296716,Jaspalsing Niranjansing,M,BJP,144164
128,Gujarat,23,Bharuch,GEN,Patel Ahmedbhai Mohammedbhai,M,INC,271458,Deshmukh Chandubhai Shanabhai,M,JNP,148389
129,Gujarat,24,Surat,GEN,Patel Chhaganbhai Devabhai,M,INC,286928,Rana Kashiram Chhabildas,M,BJP,236253
130,Gujarat,25,Mandvi,(ST),Gamit Chhitubhai Devjibhai,M,INC,239862,Amarsinh Zinabhai Chaudhary,M,JNP,134339
131,Gujarat,26,Bulsar,(ST),Patel Uttambhai Harjibhai,M,INC,220217,Patel Kanjibhai Maganbhai,M,BJP,165527
132,Haryana,1,Ambala,(SC),Ram Prakash,M,INC,283062,Suraj Bhan,M,BJP,105710
133,Haryana,2,Kurukshetra,GEN,Harpal Singh,M,INC,275112,Manohar Lal,M,LKD,131836
134,Haryana,3,Karnal,GEN,Chiranji Lal,M,INC,247063,Devi Singh,M,ICJ,148111
135,Haryana,4,Sonipat,GEN,Dharam Pal Singh,M,INC,243491,Devi Lal,M,LKD,240550
136,Haryana,5,Rohtak,GEN,Hardwari Lal,M,INC,216294,Sarup Singh,M,LKD,185363
137,Haryana,By Polls (1987),Rohtak,GEN,Hardwari Lal,M,LKD,263209,S.Singh,M,INC,160705
138,Haryana,6,Faridabad,GEN,Rahim Khan,M,INC,285214,Tayyab Hussain,M,ICJ,150843
139,Haryana,By Polls (1988),Faridabad,GEN,K.A.Chaudhry,M,LKD,288123,J.P.Nagar,M,INC,186240
140,Haryana,7,Mahendragarh,GEN,Birender Singh,M,INC,360971,Ram Bilas,M,BJP,130757
141,Haryana,8,Bhiwani,GEN,Bansi Lal,M,INC,347226,Jai Narain,M,ICJ,160149
142,Haryana,By Polls (1987),Bhiwani,GEN,R.N.Singh,M,LKD,312900,D.Nand,M,INC,223548
143,Haryana,9,Hisar,GEN,Birinder Singh,M,INC,251367,Om Parkash,M,LKD,200161
144,Haryana,10,Sirsa,(SC),Dalbir Singh,M,INC,277855,Mani Ram,M,LKD,195923
145,Haryana,By Polls (1988),Sirsa,(SC),H.Ram,M,LKD,300442,Selja,M,INC,185098
146,Himachal Pradesh,1,Shimla,(SC),Krishan Dutt Sultanpuri,M,INC,244010,Kirpal Dharampuri,M,JNP,47719
147,Himachal Pradesh,2,Mandi,GEN,Sukh Ram,M,INC,224146,Madhukar,M,BJP,92495
148,Himachal Pradesh,3,Kangra,GEN,Chandresh Kumari,F,INC,232287,Sarvan Kumar,M,BJP,114854
149,Himachal Pradesh,4,Hamirpur,GEN,Narain Chand,M,INC,242214,Prem Kumar Dhumel,M,BJP,117281
150,Jammu And Kashmir,1,Baramulla,GEN,Saif -Ud- Din Soz,M,JKN,234357,Mohi -Ud -Din -Wani,M,IND,93938
151,Jammu And Kashmir,2,Srinagar,GEN,Abdul Rashid Kabuli,M,JKN,367249,Muzaffer Ahmed Shah,M,IND,80972
152,Jammu And Kashmir,3,Anantnag,GEN,Akbar Jahan Begum,F,JKN,240973,Peer Hussan-Ud-Din,M,INC,158963
153,Jammu And Kashmir,4,Ladakh,GEN,Phuntsog Namgyal,M,INC,33037,Qamar Ali,M,JKN,25060
154,Jammu And Kashmir,5,Udhampur,GEN,Girdhari Lal Dogra,M,INC,206639,Bhim Singh,M,JPP,95149
155,Jammu And Kashmir,By Polls (1988),Udhampur,GEN,Mohd. A. Khan,M,INC,133893,B.Singh,M,JPP,131517
156,Jammu And Kashmir,6,Jammu,GEN,Janak Raj Gupta,M,INC,262796,Shabir Ahmed Salaria,M,JKN,142604
157,Karnataka,1,Bidar,(SC),Nasing Suryavansi,M,INC,179836,Rajendra Verma,M,BJP,120221
158,Karnataka,2,Gulbarga,GEN,Veerenira Patil,M,INC,235751,Vidyadhar Guruji,M,JNP,140261
159,Karnataka,3,Raichur,GEN,B. V. Desai,M,INC,212244,Vishwanath Reddy,M,JNP,154858
160,Karnataka,By Polls (1986),Raichur,GEN,M.Y.Chorpade,M,INC,169696,R.A.Naik,M,JNP,164014
161,Karnataka,4,Koppal,GEN,H. G. Ramulu,M,INC,238466,K. Paparao Veerayya,M,JNP,180515
162,Karnataka,5,Bellary,GEN,Basavarajeswari,F,INC,276640,M. P. Prakash,M,JNP,204354
163,Karnataka,6,Davanagere,GEN,Channaiah Odeyar,M,INC,290003,K. G. Maheswarappa,M,JNP,224262
164,Karnataka,7,Chitradurga,GEN,K. H. Ranganath,M,INC,279146,B. L. Gowda,M,JNP,222335
165,Karnataka,8,Tumkur,GEN,G. S. Basavaraju,M,INC,265249,Y. K. Ramaiah,M,JNP,234839
166,Karnataka,9,Chikkaballapur,GEN,V. Krishna Rao,M,INC,282279,R. L .Jalappa,M,JNP,237965
167,Karnataka,10,Kolar,(SC),V. Venkatesh,M,JNP,239562,G. Y. Krishnan,M,INC,194797
168,Karnataka,11,Kanakapura,GEN,M. V. Chandrashekara Murthy,M,INC,305210,P. G. R. Sindhiya,M,JNP,298184
169,Karnataka,12,Bangalore North,GEN,C. K. Jaffer Sharief,M,INC,260279,George Fernandes,M,JNP,218733
170,Karnataka,13,Bangalore South,GEN,V. S. Krishna Iyer,M,JNP,264765,K. Venkatagiri Gowda,M,INC,252033
171,Karnataka,14,Mandya,GEN,K. V. Shankaragowda,M,JNP,319176,S. M. Krishna,M,INC,198780
172,Karnataka,15,Chamarajanagar,(SC),V. Sreenivasa Prasad,M,INC,240665,G. N. Malleshaiah,M,JNP,160012
173,Karnataka,16,Mysore,GEN,Srikantadatta Narasimharaja Wadiyar,M,INC,247754,K. P. Shanthamurthy,M,IND,183144
174,Karnataka,17,Mangalore,GEN,Janardhana Poojary,M,INC,299490,K. Rama Bhat,M,BJP,180091
175,Karnataka,18,Udupi,GEN,Oscar Fernandes,M,INC,287412,K. S. Hegde,M,BJP,145076
176,Karnataka,19,Hassan,GEN,H. N. Nanjegowda,M,INC,265488,K. B. Mallappa,M,JNP,233519
177,Karnataka,20,Chikmagalur,GEN,D. K. Taradevi,F,INC,268912,B. K. Sundaresh,M,CPI,128872
178,Karnataka,21,Shimoga,GEN,T. V. Chandrashekarappa,M,INC,299038,D. G. Shivannagowda,M,BJP,175364
179,Karnataka,22,Kanara,GEN,G. Devaray Naik,M,INC,237064,G. S. Hegde Ajjibal,M,JNP,187866
180,Karnataka,23,Dharwad North,GEN,Naikar Dyamappa Kallappa,M,INC,229865,S. I. Shettar,M,JNP,185014
181,Karnataka,24,Dharwad South,GEN,Azeez Sait,M,INC,257834,Abdul Nairsab,M,JNP,200227
182,Karnataka,25,Belgaum,GEN,Sidnal Shanmukhappa Basappa,M,INC,202506,Appayyagouda Basagouda Patil,M,JNP,166966
183,Karnataka,26,Chikkodi,(SC),B. Shankaranad,M,INC,228030,Annappa Kallappa Rayannavar,M,JNP,224385
184,Karnataka,27,Bagalkot,GEN,Patil Hanmantagouda Bhimanagouda,M,INC,234955,Nadagouda Mallangagouda Pravatagouda,M,JNP,224443
185,Karnataka,28,Bijapur,GEN,Guraddi Shivashankareppa Mallappa,M,JNP,206737,Choudhari Rayagondappa Bhimanna,M,INC,204318
186,Kerala,1,Kasaragod,GEN,I. Rama Rai,M,INC,262904,Balanandan,M,CPM,251535
187,Kerala,2,Cannanore,GEN,Muliappalli Ramachandran,M,INC,288791,Pattiam Rajan,M,CPM,263738
188,Kerala,3,Badagara,GEN,K. P. Unnikrishnan,M,ICS,270416,K. M. Radhakrishnan,M,IND,259437
189,Kerala,4,Calicut,GEN,K. G. Adiyodi,M,INC,278216,Moideenkutty Haji (Bavae Haji),M,IML,224155
190,Kerala,5,Manjeri,GEN,Ebrahim Sulaman Sait,M,MUL,287538,E. K. Imbichi Bava,M,CPM,216363
191,Kerala,6,Ponnani,GEN,G. M. Banatwalla,M,MUL,288216,Koladi Govindankutty,M,CPI,185890
192,Kerala,7,Palghat,GEN,V. S. Vijayaraghavan,M,INC,287170,T. Sivadasa Menon,M,CPM,249017
193,Kerala,8,Ottapalam,(SC),K. R. Narayanan,M,INC,290177,A. K. Balan,M,CPM,234607
194,Kerala,9,Trichur,GEN,P. A. Antony,M,INC,268683,V. V. Raghavan,M,CPI,217393
195,Kerala,10,Mukundapuram,GEN,K. Mohandas,M,KCJ,290594,M. M. Lawrence,M,CPM,246209
196,Kerala,11,Ernakulam,GEN,K. V. Thomas,M,INC,277374,A. A. Kochunny Master,M,ICS,207050
197,Kerala,12,Muvattupuzha,GEN,George Joseph Mundakkal (Baby),M,KCJ,307519,P. P. Esthose,M,CPM,199319
198,Kerala,13,Kottayam,GEN,Suresh Kurup,M,CPM,264444,Skaria Thomas,M,KEC,258591
199,Kerala,14,Idukki,GEN,P. J. Kurian,M,INC,308056,C. A. Kurian,M,CPI,177432
200,Kerala,15,Alleppey,GEN,Vakkon Purushothaman,M,INC,303732,Suseela Gopalan,F,CPM,265968
201,Kerala,16,Mavelikkara,GEN,Thampan Thomas,M,JNP,232339,T. N. Upendranatha Kurup,M,IND,231052
202,Kerala,17,Adoor,(SC),K. K. Kunhambu,M,INC,273463,P. K. Raghavan,M,CPI,222491
203,Kerala,18,Quilon,GEN,S. Krishna Kumar,M,INC,279728,R. S. Unni,M,IND,259371
204,Kerala,19,Chirayinkil,GEN,Thalekkunnil Basheer,M,INC,266230,K. Sudhakaran,M,CPM,234765
205,Kerala,20,Trivandrum,GEN,A. Charles,M,INC,239791,A. Neela Lohithadasan Nadar,M,LKD,186353
206,Madhya Pradesh,1,Morena,(SC),Kammodilal Jatav,M,INC,157683,Munsilal,M,BJP,136115
207,Madhya Pradesh,2,Bhind,GEN,Krishna Singh,M,INC,194160,Vasundhara Raje,F,BJP,106757
208,Madhya Pradesh,3,Gwalior,GEN,Madhavrao Jiwajirao Scindia,M,INC,307735,Atal Behari,M,BJP,132141
209,Madhya Pradesh,4,Guna,GEN,Mahendra Singh,M,INC,229091,Udhav Singh,M,BJP,88611
210,Madhya Pradesh,5,Sagar,(SC),Nandlal Choudhary,M,INC,228673,Ramprasad Ahirwar,M,BJP,141232
211,Madhya Pradesh,6,Khajuraho,GEN,Chaturvedi Vidyawati,F,INC,195820,Uma Bharti,F,BJP,144994
212,Madhya Pradesh,7,Damoh,GEN,Dal Chandra Jain,M,INC,227570,Narendra Singh Yadvendra Singh,M,BJP,177301
213,Madhya Pradesh,8,Satna,GEN,Aziz Qureshi,M,INC,224684,Brijendra Pathak,M,BJP,125374
214,Madhya Pradesh,9,Rewa,GEN,Martand Singh,M,INC,223619,Yamuna Prasad Shastri,M,JNP,106790
215,Madhya Pradesh,10,Sidhi,(ST),Motilal Singh,M,INC,223248,Jagannath Singh,M,BJP,103279
216,Madhya Pradesh,11,Shahdol,(ST),Dalbir Singh,M,INC,193579,Gyan Singh,M,BJP,53322
217,Madhya Pradesh,12,Surguja,(ST),Vijai Pratap Singh,M,INC,180878,Larang Sai,M,BJP,93708
218,Madhya Pradesh,13,Raigarh,(ST),Pushpa Devi,F,INC,216777,Nand Kumar Sai,M,BJP,103986
219,Madhya Pradesh,14,Janjgir,GEN,Prabhat Kumar Mishra,M,INC,213710,Badri Dhar Diwan,M,BJP,61530
220,Madhya Pradesh,15,Bilaspur,(SC),Khelan Ram Jangde,M,INC,213395,Govindram Miri,M,BJP,99128
221,Madhya Pradesh,16,Sarangarh,(SC),Parasram Bharadwaj,M,INC,232861,Reshamlal Jangde,M,BJP,67682
222,Madhya Pradesh,17,Raipur,GEN,Kaiyur Bhushan,M,INC,223192,Ramesh Bais,M,BJP,119151
223,Madhya Pradesh,18,Mahasamund,GEN,Vidyacharan Shukla,M,INC,233325,Ramesh,M,BJP,94185
224,Madhya Pradesh,19,Kanker,(ST),Arvind Netam,M,INC,225545,Aghan Singh Thakur,M,BJP,89358
225,Madhya Pradesh,20,Bastar,(ST),Mankuram Sodi,M,INC,118729,Mahendra Karma,M,CPI,42419
226,Madhya Pradesh,21,Durg,GEN,Chandulal Chandrakar,M,INC,311000,Dharampal Singh Gupta,M,BJP,138406
227,Madhya Pradesh,22,Rajnandgaon,GEN,Shivendra Bahadur Singh,M,INC,165891,Kishorilal Shukla,M,IND,64838
228,Madhya Pradesh,23,Balaghat,GEN,Nandkishore Sharma,M,INC,169497,Lochanlal Narayan Thakre,M,BJP,101380
229,Madhya Pradesh,24,Mandla,(ST),Mohan Lal,M,INC,198095,Shyamlal Dhurve,M,BJP,69787
230,Madhya Pradesh,25,Jabalpur,GEN,Ajay Narayan Mushran,M,INC,256911,Babhurao Paranjpe,M,BJP,134588
231,Madhya Pradesh,26,Seoni,GEN,Gargishanker Mishra,M,INC,190241,Mahesh Prasad,M,BJP,138191
232,Madhya Pradesh,27,Chhindwara,GEN,Kamal Nath,M,INC,234846,Batra Ram Kishan,M,BJP,81021
233,Madhya Pradesh,28,Betul,GEN,Aslam Sherkhan,M,INC,147190,M. N. Buch,M,IND,109240
234,Madhya Pradesh,29,Hoshangabad,GEN,Rameshwar Nikhra,M,INC,238358,Nageen Kochar,M,BJP,167779
235,Madhya Pradesh,30,Bhopal,GEN,K. N. Pradhan,M,INC,240717,Laxmi Narayan Sharma,M,BJP,112053
236,Madhya Pradesh,31,Vidisha,GEN,Pratapbhanu Krishna Gopal,M,INC,205437,Raghavji,M,BJP,195884
237,Madhya Pradesh,32,Rajgarh,GEN,Digvijai Singh,M,INC,277435,Jamnalal,M,BJP,125338
238,Madhya Pradesh,33,Shajapur,(SC),Bapulal Malviya,M,INC,257753,Phoolchand Verma,M,BJP,187477
239,Madhya Pradesh,34,Khandwa,GEN,Kalicharan Ramratan,M,INC,239563,Arif Beg Karamat Beg,M,BJP,152093
240,Madhya Pradesh,35,Khargone,GEN,Subhash Yadav,M,INC,229669,Rameshwar Patidar,M,BJP,162467
241,Madhya Pradesh,36,Dhar,(ST),Pratapsingh Baghel,M,INC,264577,Dheerendrasingh Lachhamansingh,M,BJP,129222
242,Madhya Pradesh,37,Indore,GEN,Prakash Chand Sethi,M,INC,272122,Rajendra Nilkanth Dharkar,M,BJP,181296
243,Madhya Pradesh,38,Ujjain,(SC),Satyanarayan Pawar,M,INC,226342,Satyanarayan Jatiya,M,BJP,183983
244,Madhya Pradesh,39,Jhabua,(ST),Dileep Singh Bhurio,M,INC,216786,Bhagwan Singh Chauhan,M,BJP,82254
245,Madhya Pradesh,40,Mandsaur,GEN,Balkavi Bairagi,M,INC,292131,Laxmi Narayan Pandey,M,BJP,232368
246,Maharashtra,1,Rajapur,GEN,Madhu Dandavate,M,JNP,182034,Bhai Sawant,M,INC,155903
247,Maharashtra,2,Ratnagiri,GEN,Husen Dalwai,M,INC,167859,Natu Shridhar Dattatrey,M,BJP,144014
248,Maharashtra,3,Kolaba,GEN,D. B. Patil,M,PWP,211194,A. R. Antulay,M,IND,173270
249,Maharashtra,4,Mumbai-South,GEN,Deora Murli,M,INC,200152,Jayawantiben Navinchandra Mehta,F,BJP,94874
250,Maharashtra,5,Mumbai-South-Central,GEN,Datta Samant,M,IND,158841,Deshpande Roza Vidyadhar,F,IND,86230
251,Maharashtra,6,Mumbai-North-Central,GEN,Dighe Sharad Shankar,M,INC,211443,Manohar Joshi,M,BJP,79345
252,Maharashtra,7,Mumbai-North-East,GEN,Gurudas Kamat,M,INC,273847,Pramod Mahajan,M,BJP,177573
253,Maharashtra,8,Mumbai-North-West,GEN,Sunil Dutt,M,INC,308989,Ram Jethmalani,M,BJP,154349
254,Maharashtra,9,Mumbai-North,GEN,Anoopchand Khimchand Shah,M,INC,275522,Ravinder Verma,M,JNP,175398
255,Maharashtra,10,Thane,GEN,Ghopal Shantaram Gopal,M,INC,328709,Patil Jagannath Shivram,M,BJP,213319
256,Maharashtra,11,Dahanu,(ST),Shingada Damu Barku,M,INC,166655,Lahanu Shidava,M,CPM,96935
257,Maharashtra,12,Nashik,GEN,Mane Murlidhar Pandurang,M,INC,197428,Pralhad Namdeo Patilkarad,M,ICS,159882
258,Maharashtra,13,Mgaon,(ST),Bhoye Sitaram Sayaji,M,INC,202424,Mahale Hari Shankar,M,JNP,164149
259,Maharashtra,14,Dhule,(ST),Bhoye Reshama Motiram,M,INC,219323,Valvi Kuwarsing Fulzi,M,BJP,153391
260,Maharashtra,15,Nandurbar,(ST),Gavit Manikrao Holdya,M,INC,254327,Vasave Zina Shamya,M,JNP,96808
261,Maharashtra,16,Erandol,GEN,Vijaykumar Naval Patil,M,INC,221522,Patil Brijlal Bhutta,M,JNP,156367
262,Maharashtra,17,Jalgaon,GEN,Mahajan Yadav Shivram,M,INC,231537,Patil Pralhadrao Eknathrao,M,ICS,177072
263,Maharashtra,18,Buldhana,(SC),Wasnik Mukul Balkrishna,M,INC,166281,Kale Sukhdev Nandji,M,ICS,118223
264,Maharashtra,19,Akola,GEN,Madhusudan Atmaram Vairale,M,INC,178874,Ambedkar Prakash Yeshwant,M,IND,165064
265,Maharashtra,20,Washim,GEN,Ghulam Nabi Azad,M,INC,197822,Rathod Gokuldas Dekhsing,M,ICS,187463
266,Maharashtra,21,Amravati,GEN,Choudhary Ushatai Prakash,F,INC,217910,Tasar Sharad Motiram,M,ICS,96164
267,Maharashtra,22,Ramtek,GEN,Narsimha Rao P. V.,M,INC,290905,Gedam Shankarrao Daulatrao,M,ICS,104933
268,Maharashtra,23,Nagpur,GEN,Banwarilal Bhagwandas Purohit,M,INC,293739,Khobragde Shyam Dewaji,M,RPK,163056
269,Maharashtra,24,Bhandara,GEN,Keshaorao Atmaramji Pardhi,M,INC,249195,Mankar Laxmanrao Bisanlal,M,BJP,127491
270,Maharashtra,25,Chimur,GEN,Muttemwar Vilas Baburao,M,INC,282404,Ramteke Harichandra Sadashio,M,IND,110304
271,Maharashtra,26,Chandrapur,GEN,Potdukhe Shantaram Rajeshwar,M,INC,249994,Dada Deshkar,M,BJP,60839
272,Maharashtra,27,Wardha,GEN,Sathe Vasant Purushottam,M,INC,244390,Ghangare Ramchandra Marotrao,M,CPM,220967
273,Maharashtra,28,Yavatmal,GEN,Patil Uttamrao Deorao,M,INC,274957,Gilani Janmohammed Noormohammed,M,ICS,108755
274,Maharashtra,29,Hingoli,GEN,Rathode Uttamraoji Baliramji,M,INC,221026,Kharate Shankarrao Sambhaji,M,JNP,85935
275,Maharashtra,30,Nanded,GEN,Chavan Shankarrao Bhurao,M,INC,306026,Kadam Kamalkishor Nanasaheb,M,ICS,134502
276,Maharashtra,By Polls (1987),Nanded,GEN,C.A.Shankarrao,M,INC,283019,P.Y.Ambedkar,M,IND,171901
277,Maharashtra,31,Parbhani,GEN,Yadav Ramrao Narayanrao,M,INC,212958,Deshmukh Sheshrao Apparao,M,PWP,124640
278,Maharashtra,32,Jalna,GEN,Balasaheb Ramrao Pawar,M,INC,186318,Pundlik Hari Danwe,M,BJP,119751
279,Maharashtra,33,Aurangabad,GEN,Sahebrao P.Dongaonkar,M,ICS,246136,Abdul Azim Abdul Hamid,M,INC,153717
280,Maharashtra,34,Beed,GEN,Kshirsagar Kehsarbai Sonajirao,F,INC,221421,Gite (Patil) Shridharrao Gangaramji,M,IND,111059
281,Maharashtra,35,Latur,GEN,Patil Shivraj Vishwanath,M,INC,289466,Padmasinha Bajirao Patil,M,ICS,203929
282,Maharashtra,36,Osmanabad,(SC),Arvind Tulshiramji Kamble,M,INC,210727,Shrungare Tukaram Sadashiv,M,ICS,153599
283,Maharashtra,37,Solapur,GEN,Kuchan Gangadhar Sinramappa,M,INC,258050,Racheti Hanmantappaerappa,M,BJP,67418
284,Maharashtra,38,Pandharpur,(SC),Thorat Sandipan Bhagwan,M,INC,269989,Laxmanrao Dhobale,M,ICS,179156
285,Maharashtra,39,Ahmednagar,GEN,Gadakh Yeshwantrao Kankarrao,M,INC,281873,Dhakne Babanrao Dadaba,M,JNP,181550
286,Maharashtra,40,Kopargaon,GEN,Vikhe Eknathrao Alias Balesaheb Vithalrao,M,INC,217982,Aikwad Madhavrao Bayaji,M,CPI,146497
287,Maharashtra,41,Khed,GEN,Ramkrishna More,M,INC,219413,Kakde Sambhajirao Sahebrao,M,JNP,201389
288,Maharashtra,42,Pune,GEN,Gadil Vithalrao Narhari,M,INC,311278,Jagannath Rao Joshi,M,BJP,112924
289,Maharashtra,43,Baramati,GEN,Pawar Sharadchandra Govindrao,M,ICS,361618,Patil Shankarrao Bajirao,M,INC,221086
290,Maharashtra,By Polls (1985),Baramati,GEN,K.S.Sahebrao,M,JNP,179507,P.S.Bajirao,M,INC,130955
291,Maharashtra,44,Satara,GEN,Bhosale Prataprao Baburao,M,INC,270110,Nimbalkar Yashwant Singh Appasaheb Alias Dadraje Khardekar,M,ICS,174590
292,Maharashtra,45,Karad,GEN,Chavan Premalabai Dajisaheb,F,INC,346579,Kacchi Yunu Ahmad,M,JNP,61311
293,Maharashtra,46,Sangli,GEN,Patil Prakash Vasantrao,M,INC,304202,Patil Vishwasrao Ramrao,M,JNP,162509
294,Maharashtra,47,Ichalkaranji,GEN,Mane Balaso Alias Rajaram Shankarrao,M,INC,278457,Kadambande Rajvardhan Raghujirao,M,ICS,234319
295,Maharashtra,48,Kolhapur,GEN,Gaikwad Udaysingrao Nanasaheb,M,INC,277603,Killedar B.D.,M,PWP,128129
296,Manipur,1,Inner Manipur,GEN,N.Tombi Singh,M,INC,104091,Oinam Tomba,M,IND,89362
297,Manipur,2,Outer Manipur,(ST),Meijinlung,M,INC,189911,Lhingzaneng,F,MRP,149019
298,Meghalaya,1,Shillong,GEN,G.G.Swell,M,INC,142638,Pakem,M,IND,91812
299,Meghalaya,2,Tura,GEN,Purno Agitok Sangma,M,INC,106628,Willnan Sangma,M,IND,27890
300,Meghalaya,By Polls (1988),Tura,GEN,W. A. Sangma,M,INC,106240,L.Sangma,M,IND,28672
301,Nagaland,1,Nagaland,GEN,Chingwang,M,INC,251101,Chalie Kevichusa,M,NND,113919
302,Orissa,1,Mayurbhanj,(ST),Sidhalal Murmu,M,INC,175013,Bhagey Gohardhan,M,JNP,105775
303,Orissa,2,Balasore,GEN,Chintamani Jena,M,INC,274294,Samarendra Kundu,M,JNP,195109
304,Orissa,3,Bhadrak,(SC),Ananta Prasad Sethi,M,INC,256854,Mangaraj Malik,M,JNP,189435
305,Orissa,4,Jajpur,(SC),Anadi Charan Das,M,INC,252316,Rama Chandra Mallick,M,JNP,192811
306,Orissa,5,Kendrapara,GEN,Bijayananda Pattnaik,M,JNP,255506,Bhagabat Prasad Mohanty,M,INC,238730
307,Orissa,By Polls (1985),Kendrapara,GEN,S.K.Deb,M,JNP,275105,B.K.Biswal,M,INC,235160
308,Orissa,6,Cuttack,GEN,Jayanti Pattanik,F,INC,263960,Jogesh Chandra Rout,M,JNP,185039
309,Orissa,7,Jagatsinghpur,GEN,Lakshman Mallick,M,INC,263352,Rabi Roy,M,JNP,262394
310,Orissa,8,Puri,GEN,Brajamohan Mohenty,M,INC,239019,Ranjit Mohanty,M,JNP,134579
311,Orissa,9,Bhubaneswar,GEN,Chintamoni Panigrahi,M,INC,237716,Sivaji Patnaik,M,CPM,147862
312,Orissa,10,Aska,GEN,Somnath Rath,M,INC,244253,Ram Chandra Rath,M,JNP,126209
313,Orissa,11,Berhampur,GEN,R.Jagannath Rao,M,INC,235466,Sujiyanarayan Patra,M,JNP,90606
314,Orissa,12,Koraput,(ST),Gridhar Gomango,M,INC,154713,Labanyo Saboro,M,JNP,54891
315,Orissa,13,Nowrangpur,(ST),Khagapati Pradhani,M,INC,172305,Jabab Majhi,M,JNP,68570
316,Orissa,14,Kalahandi,GEN,Jagannath Patnaik,M,INC,154941,Pratap Keshari Deo,M,JNP,130867
317,Orissa,15,Phulbani,(SC),Radha Kanta Digal,M,INC,227667,Rajendra Nayak,M,JNP,102588
318,Orissa,16,Bolangir,GEN,Nityanand Misra,M,INC,184386,Anang Uday Singh Deo,M,JNP,149434
319,Orissa,17,Sambalpur,GEN,Krupasindhu Bhoi,M,INC,249662,Sairindri Nayak,F,JNP,110002
320,Orissa,18,Deogarh,GEN,Sriballav Panigrahi,M,INC,215256,Prasanna Kumar Panda,M,CPI,121734
321,Orissa,19,Dhenkanal,GEN,Raja Kamakhya Prasad Singh Deo Mahindra Bahadur,M,INC,295754,Adwait Prasad Singh,M,JNP,92181
322,Orissa,20,Sundargarh,(ST),Maurice Kujur,M,INC,176107,Ignace Majhi,M,JNP,69560
323,Orissa,21,Keonjhar,(ST),Harinder Soren,M,INC,181169,Govinda Chandra Munda,M,JNP,96545
324,Rajasthan,1,Ganganagar,(SC),Birbal,M,INC,282573,Begaram,M,LKD,117059
325,Rajasthan,2,Bikaner,GEN,Manphool Singh,M,INC,280090,Kedar Nath,M,JNP,154008
326,Rajasthan,3,Churu,GEN,Mohar Singh,M,INC,255348,Daulat Ram,M,LKD,143925
327,Rajasthan,By Polls (1985),Churu,GEN,N.Budnia,M,INC,253663,D.Saran,M,LKD,186016
328,Rajasthan,4,Jhunjhunu,GEN,Mohd. Ayub Khan,M,INC,261152,Sumitra Singh,F,LKD,203846
329,Rajasthan,5,Sikar,GEN,Bal Ram,M,INC,292132,Ghanshyam Tiwari,M,BJP,112573
330,Rajasthan,6,Jaipur,GEN,Nawal Kishore Sharma,M,INC,280436,Satish Chandra Agrawal,M,BJP,196579
331,Rajasthan,7,Dausa,GEN,Rajesh Pilot,M,INC,245246,Nathu Singh,M,BJP,170903
332,Rajasthan,8,Alwar,GEN,Ram Singh Yadev,M,INC,199910,Sampat Ram,M,IND,74379
333,Rajasthan,9,Bharatpur,GEN,K.Natwar Singh,M,INC,187305,Nathi Singh,M,LKD,107996
334,Rajasthan,10,Bayana,(SC),Lala Ram Ken,M,INC,156708,Shyam Sunder,M,LKD,78306
335,Rajasthan,11,Sawai Madhopur,(ST),Ram Kumar,M,INC,248422,Kirodilal,M,BJP,147424
336,Rajasthan,12,Ajmer,GEN,Vishnu Kumar Modi,M,INC,216173,Kailash Meghwal,M,BJP,159479
337,Rajasthan,13,Tonk,(SC),Banwari Lal,M,INC,231678,Jiya Lal,M,BJP,128969
338,Rajasthan,14,Kota,GEN,Shanti Kumar Dhariwal,M,INC,230375,Krishan Kumar Goyal,M,BJP,175528
339,Rajasthan,15,Jhalawar,GEN,Jujharsingh,M,INC,212489,Chaturbhuj,M,BJP,143176
340,Rajasthan,16,Banswara,(ST),Prabhulal Rawat,M,INC,199308,Hira Bhai,M,LKD,78183
341,Rajasthan,17,Salumber,(ST),Alkha Ram,M,INC,185000,Nand Lal Meena,M,BJP,105989
342,Rajasthan,18,Udaipur,GEN,Indubala Sukhadia,F,INC,264214,Bhanu Kumar Shastri,M,BJP,159412
343,Rajasthan,19,Chittorgarh,GEN,Nirmla Kumari,F,INC,226717,Hari Krishan,M,BJP,150328
344,Rajasthan,20,Bhilwara,GEN,Girdhari Lal Vyas,M,INC,250254,Arjun Lal Chochani,M,BJP,98618
345,Rajasthan,21,Pali,GEN,Mool Chand Daga,M,INC,188274,Pushpa Jain,F,BJP,152553
346,Rajasthan,By Polls (1988),Pali,GEN,S.S/O Sohanlal,M,INC,202483,G.Lodha,M,BJP,163278
347,Rajasthan,22,Jalore,(SC),Buta Singh,M,INC,281627,Hukam Ram Meghwal,M,BJP,118163
348,Rajasthan,23,Barmer,GEN,Virdhi Chand,M,INC,220658,Gangaram Choodhari,M,LKD,113945
349,Rajasthan,24,Jodhpur,GEN,Ashok Gehlot,M,INC,282066,Balveer Singh,M,BJP,128718
350,Rajasthan,25,Nagaur,GEN,Ram Niwas,M,INC,219961,Nathuram,M,LKD,171426
351,Sikkim,1,Sikkim,GEN,Nar Bhadur Bhandari,M,IND,56614,Pahalman Subba,M,INC,21327
352,Sikkim,By Polls (1985),Sikkim,GEN,D.K.Bhandari(W),F,SSP,,Uncontested,,,
353,Tamil Nadu,1,Madras North,GEN,N.V.N.Somu,M,DMK,261941,G.Lakshmanan,M,INC,225491
354,Tamil Nadu,2,Madras Central,GEN,Kalanidhi A.,M,DMK,313848,Earnest Paul E.,M,GKC,217104
355,Tamil Nadu,3,Madras South,GEN,Vyjayanthimala,F,INC,336353,Era Sezhiyan,M,JNP,288336
356,Tamil Nadu,4,Sriperumbudur,(SC),Maragatham Chandrasekhar,F,INC,332468,Nagaratnam T.,M,DMK,222994
357,Tamil Nadu,5,Chengalpattu,GEN,S. Jagathrakshakan,M,ADK,297415,M.V.Ramu,M,DMK,239206
358,Tamil Nadu,6,Arakkonam,GEN,R. Jeevarathinam,M,INC,292606,Pulavar K. Govindan,M,DMK,231664
359,Tamil Nadu,7,Vellore,GEN,A.C. Shanmugam,M,ADK,284416,A.M. Ramalingam,M,DMK,209693
360,Tamil Nadu,8,Tiruppattur,GEN,Jayamohan A.,M,INC,298159,Abdul Latheef M.,M,DMK,176372
361,Tamil Nadu,9,Vandavasi,GEN,Balaraman L.,M,INC,341267,Pandian R.K.,M,DMK,206375
362,Tamil Nadu,10,Tindivanam,GEN,S.S. Eramasamy Padayatchi,M,INC,356127,M.R. Lakshminarayanan,M,JNP,154269
363,Tamil Nadu,11,Cuddalore,GEN,Venkatesan P.R.S.,M,INC,327393,Ramu T. Alias Killivalavan,M,DMK,195439
364,Tamil Nadu,12,Chidambaram,(SC),Vallalperuman P.,M,INC,329892,Kannapiran S.,M,DMK,209001
365,Tamil Nadu,13,Dharmapuri,GEN,M. Thambi Duriai,M,ADK,333427,Parvathi Krishnan,F,CPI,182175
366,Tamil Nadu,14,Krishnagiri,GEN,K. Ramamurthi,M,INC,304854,T. Chandrasekaran,M,DMK,138488
367,Tamil Nadu,15,Rasipuram,(SC),Devarajan B.,M,INC,367276,Duraisami P.,M,DMK,165870
368,Tamil Nadu,16,Salem,GEN,Rangarajan Kumar Mangalam,M,INC,359819,Kandasamy M.A.,M,JNP,123644
369,Tamil Nadu,17,Tiruchengode,GEN,Kannan P.,M,ADK,426648,Kandaswamy M.,M,DMK,268582
370,Tamil Nadu,18,Nilgiris,GEN,R.Prabhu,M,INC,341824,C.T. Dhandapani,M,DMK,209885
371,Tamil Nadu,19,Gobichettipalayam,GEN,Kholandaivelu P.,M,ADK,338243,Saminathan P.A.,M,DMK,177616
372,Tamil Nadu,20,Coimbatore,GEN,Kuppuswamy C. K.,M,INC,355525,Umanath R.,M,CPM,253006
373,Tamil Nadu,21,Pollachi,(SC),Anna Nambi R.,M,ADK,324200,Krishnaswamy K.,M,DMK,222770
374,Tamil Nadu,22,Palani,GEN,Senapathy Gounder A.,M,INC,408104,Velusamy S.R.,M,TNC,144076
375,Tamil Nadu,23,Dindigul,GEN,K.R. Natarajan,M,ADK,343571,K.Maya Thevar,M,DMK,202253
376,Tamil Nadu,24,Madurai,GEN,Subburaman A.G.,M,INC,365948,Sankariah N.,M,CPM,192937
377,Tamil Nadu,25,Periyakulam,GEN,Selvendran P.,M,ADK,348903,Agniraju S.,M,DMK,190290
378,Tamil Nadu,26,Karur,GEN,Murugaiah A. R.,M,INC,413533,"Kandaswamy, M.",M,DMK,177970
379,Tamil Nadu,27,Tiruchirappalli,GEN,Adaikalaraj,M,INC,337786,N. Selvarasu,M,DMK,234881
380,Tamil Nadu,28,Perambalur,(SC),S. Thangaraju,M,ADK,350549,C. Thiyagarajan,M,DMK,197780
381,Tamil Nadu,29,Mayiladuthurai,GEN,Pakeer Mohamed E.S.M.,M,INC,335033,Kalayanam P.,M,DMK,215390
382,Tamil Nadu,30,Nagapattinam,(SC),"Mahalingam, M.",M,ADK,300912,Murugaiyan K.,M,CPI,298623
383,Tamil Nadu,31,Thanjavur,GEN,Singaravadivel,M,INC,306351,Palanimanickam S.,M,DMK,217030
384,Tamil Nadu,32,Pudukkottai,GEN,Sundararaj N.,M,INC,426717,Veeriah K.,M,DMK,161813
385,Tamil Nadu,33,Sivaganga,GEN,P. Chidambaram,M,INC,377160,Tha Krutinan,M,DMK,164627
386,Tamil Nadu,34,Ramanathapuram,GEN,V. Rajeshwaran,M,INC,274922,M.S.K. Sathiyendren,M,DMK,174778
387,Tamil Nadu,35,Sivakasi,GEN,N. Soundararajan,M,ADK,323786,A. Srinivasan,M,CPI,257308
388,Tamil Nadu,36,Tirunelveli,GEN,M.R. Janardhanan,M,ADK,296897,D.S.A. Sivaprakasam,M,DMK,210951
389,Tamil Nadu,37,Tenkasi,(SC),M. Arunachalam,M,INC,360517,R. Krishnan,M,CPM,168950
390,Tamil Nadu,38,Tiruchendur,GEN,K.T. Kosalram,M,INC,345381,Jawaharlal,M,JNP,121954
391,Tamil Nadu,By Polls (1985),Tiruchendur,GEN,R.D.Athithan,M,INC,169710,P.Vijayaraghavan,M,JNP,93891
392,Tamil Nadu,39,Nagercoil,GEN,N. Dennis,M,INC,235365,P. Vijayaraghavan,M,JNP,223728
393,Tripura,1,Tripura West,GEN,Ajoy Biswas,M,CPM,232339,Sudhir Ranjan Majumder,M,INC,228819
394,Tripura,2,Tripura East,GEN,Baju Ban Riyan,M,CPM,231023,Kirit Bikram Kishore Debbarman,M,INC,189960
395,Uttar Pradesh,1,Tehri Garhwal,GEN,Brahma Dutt,M,INC,203883,Trepan Singh,M,LKD,63291
396,Uttar Pradesh,2,Garhwal,GEN,Chandra Mohan Singh,M,INC,207451,Bharat Singh,M,LKD,88570
397,Uttar Pradesh,3,Almora,GEN,Harish Chandra Singh,M,INC,185006,Murli Manohar Joshi,M,BJP,44674
398,Uttar Pradesh,4,Nainital,GEN,Satendra Chandra,M,INC,274557,Akbar Ahmad,M,IND,107897
399,Uttar Pradesh,5,Bijnor,(SC),Girdhar Lal,M,INC,219185,Mangal Ram Premi,M,LKD,119372
400,Uttar Pradesh,By Polls (1985),Bijnor,(SC),M.Kumari,F,INC,128086,R.B.Paswan,M,LKD,122747
401,Uttar Pradesh,6,Amroha,GEN,Ram Pal Singh,M,INC,181642,Ishrat Ali Ansari,M,IND,164365
402,Uttar Pradesh,7,Moradabad,GEN,Hafiz Mohd. Siddique,M,INC,116942,Hazi Gulam Mohd. Khan,M,LKD,109829
403,Uttar Pradesh,8,Rampur,GEN,Zulfiqar Ali Khan,M,INC,242209,Rajendra Kumar Sharma,M,BJP,123252
404,Uttar Pradesh,9,Sambhal,GEN,Shanti Devi,F,INC,124175,Sultan Singh Yadav,M,LKD,82932
405,Uttar Pradesh,10,Budaun,GEN,Saleem Iqbal Sherwani,M,INC,183524,Sharad Yadav,M,LKD,133782
406,Uttar Pradesh,11,Aonla,GEN,Kalyan Singh Solanki,M,INC,117327,Jai Pal Singh Kashyap,M,IND,64504
407,Uttar Pradesh,12,Bareilly,GEN,Abida Ahmad,F,INC,156904,Santosh Kumar Gangwar,M,BJP,100996
408,Uttar Pradesh,13,Pilibhit,GEN,Bhanu Pratap Singh,M,INC,278803,Mohd. Shamshul Hasan Khan,M,IND,102133
409,Uttar Pradesh,14,Shahjahanpur,GEN,Jitendra Prasad,M,INC,220912,Satya Pal Singh,M,ICJ,185642
410,Uttar Pradesh,15,Kheri,GEN,Usha Kumari,F,INC,279573,Karan Singh,M,BJP,43058
411,Uttar Pradesh,16,Shahabad,GEN,Dharamgaj Singh,M,INC,186182,Ashok Bajpaye,M,JNP,73023
412,Uttar Pradesh,17,Sitapur,GEN,Rajendra Kumari,F,INC,185722,Hargovind Verma,M,LKD,92424
413,Uttar Pradesh,18,Misrikh,(SC),Sankata Prasad,M,INC,237741,Ram Lal Rahi,M,LKD,92462
414,Uttar Pradesh,19,Hardoi,(SC),Kindar Lal,M,INC,195088,Parmai Lal,M,LKD,134685
415,Uttar Pradesh,20,Lucknow,GEN,Sheila Kaul,F,INC,169260,Mohd. Yunus Saleem,M,LKD,47140
416,Uttar Pradesh,21,Mohanlalganj,(SC),Jagannath Pd,M,INC,189704,Ram Lal Kureel,M,LKD,56655
417,Uttar Pradesh,22,Unnao,GEN,Ziaurrahman Ansari,M,INC,215433,Manohar Lal,M,LKD,171437
418,Uttar Pradesh,23,Rae Bareli,GEN,Arun Kumar Nehru,M,INC,314028,Ambedkar Savita,F,LKD,56475
419,Uttar Pradesh,24,Pratapgarh,GEN,Raja Dinesh Singh,M,INC,279354,Ram Deo,M,LKD,46847
420,Uttar Pradesh,25,Amethi,GEN,Rajiv Gandhi,M,INC,365041,Maneka Gandhi,F,IND,50163
421,Uttar Pradesh,26,Sultanpur,GEN,Raj Karan Singh,M,INC,219682,Mustakeem,M,IND,59625
422,Uttar Pradesh,27,Akbarpur,(SC),Ram Piyare Suman,M,INC,194148,Ram Awadh,M,LKD,124527
423,Uttar Pradesh,28,Faizabad,GEN,Nirmal Khatri,M,INC,173152,Mitrasen,M,CPI,68660
424,Uttar Pradesh,29,Barabanki,(SC),Kamla Prasad,M,INC,202790,Ram Sagar,M,LKD,108129
425,Uttar Pradesh,30,Kaiserganj,GEN,Rana Vir Singh,M,INC,179948,Beri Prasad Verma,M,LKD,63118
426,Uttar Pradesh,31,Bahraich,GEN,Arif Mohammad Khan,M,INC,178621,Rudra Sen Chaudhari,M,BJP,77601
427,Uttar Pradesh,32,Balrampur,GEN,Deep Narain Van Mahanth,M,INC,128207,Fallul Bari Alias Banney Bhai,M,IND,119551
428,Uttar Pradesh,33,Gonda,GEN,Anand Singh Alias Annu Bhaiya,M,INC,260112,Deep Narain Pandey,M,LKD,94136
429,Uttar Pradesh,34,Basti,(SC),Ram Awadh Prasad,M,INC,227397,Ram Dulera Sonkar,M,LKD,72795
430,Uttar Pradesh,35,Domariyaganj,GEN,Kazi Jalil Abbasi,M,INC,226388,Brij Bhushan Tiwari,M,LKD,113401
431,Uttar Pradesh,36,Khalilabad,GEN,Chandra Shekhar,M,INC,227083,Ram Prasad Chaudhari,M,LKD,90719
432,Uttar Pradesh,37,Bansgaon,(SC),Mahavir Prasad,M,INC,232747,Ram Surat,M,ICJ,58518
433,Uttar Pradesh,38,Gorakhpur,GEN,Madan Pandey,M,INC,191020,Harikesh Bahadur,M,LKD,94420
434,Uttar Pradesh,39,Maharajganj,GEN,Jitendra Singh,M,INC,208692,Hari Shanker Tiwari,M,IND,84218
435,Uttar Pradesh,40,Padrauna,GEN,Chandra Pratap Narain Singh,M,INC,189209,Siraj Ahmad,M,LKD,112831
436,Uttar Pradesh,41,Deoria,GEN,Rajmangal Pandey,M,INC,239708,Ramdhari Shastri,M,LKD,94607
437,Uttar Pradesh,42,Salempur,GEN,Ram Nagina Misra,M,INC,152231,Janeshwar Misra,M,LKD,91695
438,Uttar Pradesh,43,Ballia,GEN,Jagannath Chowdhari,M,INC,225984,Chandrashekhar,M,JNP,172044
439,Uttar Pradesh,44,Ghosi,GEN,Raj Kumar,M,INC,160102,Rameshwar Singh,M,LKD,95256
440,Uttar Pradesh,45,Azamgarh,GEN,Santosh Kumar Singh,M,INC,170051,Ram Naresh Yadav,M,LKD,167265
441,Uttar Pradesh,46,Lalganj,(SC),Ramdhan,M,INC,218963,Lalsa,M,LKD,114695
442,Uttar Pradesh,47,Machhlishahr,GEN,Sripati,M,INC,179140,Shiv Sharan Varma,M,LKD,111278
443,Uttar Pradesh,48,Jaunpur,GEN,Kamala Prasad Singh,M,INC,201311,Ram Das,M,LKD,119788
444,Uttar Pradesh,49,Saidpur,(SC),Ram Smujhawan,M,INC,174291,Awadhesh Kumar,M,LKD,97757
445,Uttar Pradesh,50,Ghazipur,GEN,Zainul Basher,M,INC,167194,Jagdish,M,LKD,96633
446,Uttar Pradesh,51,Chandauli,GEN,Chanda Tripati,F,INC,201516,Nihal,M,ICJ,150415
447,Uttar Pradesh,52,Varanasi,GEN,Shyam Lal Yadava,M,INC,153076,Udal,M,CPI,58646
448,Uttar Pradesh,53,Robertsganj,GEN,Ram Pyare,M,INC,189588,Panna Lal,M,LKD,99529
449,Uttar Pradesh,54,Mirzapur,GEN,Uma Kant Mishra,M,INC,149606,Asha Ram,M,LKD,118238
450,Uttar Pradesh,55,Phulpur,GEN,Ram Pujan Patel,M,INC,242538,Rahman Ali,M,LKD,127966
451,Uttar Pradesh,56,Allahabad,GEN,Amitabh Bachchan,M,INC,297461,Hemwati Nandan Bahugana,M,LKD,109666
452,Uttar Pradesh,By Polls (1988),Allahabad,GEN,V.P.Singh,M,IND,202996,S.Shastri,M,INC,92245
453,Uttar Pradesh,57,Chail,(SC),Bihari Lal Shailesh,M,INC,150306,Ramnishore Rakesh,M,LKD,146888
454,Uttar Pradesh,58,Fatehpur,GEN,Hari Krishna Shastri,M,INC,208578,Syed Liaquat Husain,M,LKD,115695
455,Uttar Pradesh,59,Banda,GEN,Bhism Deo Dubey,M,INC,142085,Ram Sajiwan,M,CPI,84586
456,Uttar Pradesh,60,Hamirpur,GEN,Swami Prasad Singh,M,INC,199460,Brijendra Singh,M,LKD,136149
457,Uttar Pradesh,61,Jhansi,GEN,Sujan Singh Bundela,M,INC,245029,Rajendra Agnihotri,M,BJP,129106
458,Uttar Pradesh,62,Jalaun,(SC),Lachhi Ram,M,INC,170510,Ram Sewak Bhatiya,M,LKD,117273
459,Uttar Pradesh,63,Ghatampur,(SC),Askaran,M,INC,177975,Keshri Lal,M,LKD,129105
460,Uttar Pradesh,64,Bilhaur,GEN,Jagdish Awasthi,M,INC,234466,Raghunath Singh,M,IND,152856
461,Uttar Pradesh,65,Kanpur,GEN,Naresh Chandra Chaturvedi,M,INC,214160,Sayed Shahabuddin,M,JNP,76791
462,Uttar Pradesh,66,Etawah,GEN,Raghuraj Singh,M,INC,184404,Dhani Ram Verma,M,LKD,161336
463,Uttar Pradesh,67,Kannauj,GEN,Sheila Dixit,F,INC,199621,Chhotey Singh Yadav,M,LKD,137806
464,Uttar Pradesh,68,Farrukhabad,GEN,Khurshed Alam Khan,M,INC,236892,Daya Ram Shakya,M,BJP,110281
465,Uttar Pradesh,69,Mainpuri,GEN,Balram Singh Yadav,M,INC,214322,Ravindra Singh Chauhan,M,LKD,159314
466,Uttar Pradesh,70,Jalesar,GEN,Kailash Chandra Yadav,M,INC,149004,Sushila Devi,F,LKD,139266
467,Uttar Pradesh,71,Etah,GEN,Muhammad Mehfooj Ali Khan Alias Pyarey Main,M,LKD,110627,Malik Moh. Mushir Ahmad Khan,M,INC,107196
468,Uttar Pradesh,72,Firozabad,(SC),Ganga Ram,M,INC,161079,Rajesh Kumar Singh,M,LKD,97577
469,Uttar Pradesh,73,Agra,GEN,Nihal Singh,M,INC,147473,Udayan Sharma,M,LKD,107796
470,Uttar Pradesh,74,Mathura,GEN,Manvendra Singh,M,INC,263248,Gayatree Devi,F,LKD,159848
471,Uttar Pradesh,75,Hathras,(SC),Puran Chand,M,INC,165387,Bangali Singh,M,LKD,120749
472,Uttar Pradesh,76,Aligarh,GEN,Usha Rani,F,INC,216329,Budhpriya Morya,M,LKD,114098
473,Uttar Pradesh,77,Khurja,(SC),Veer Sen,M,INC,212932,Trilik Chand,M,LKD,94907
474,Uttar Pradesh,78,Bulandshahr,GEN,Kr. Surendra Pal,M,INC,228039,Kiran Pal Singh,M,LKD,132139
475,Uttar Pradesh,79,Hapur,GEN,Kedar Nath,M,INC,254823,Kishan Chand Tyagi,M,LKD,104147
476,Uttar Pradesh,80,Meerut,GEN,Mohsina Kidwai,F,INC,238236,Manzoor Ahmad,M,LKD,141718
477,Uttar Pradesh,81,Baghpat,GEN,Charan Singh,M,LKD,253463,Mahesh Chand,M,INC,167789
478,Uttar Pradesh,82,Muzaffarnagar,GEN,Dharam Vir Singh,M,INC,242751,Narain Singh,M,LKD,134730
479,Uttar Pradesh,83,Kairana,GEN,Akhtar Hasan,M,INC,236904,Shyam Singh,M,LKD,138355
480,Uttar Pradesh,84,Saharanpur,GEN,Yashpal Singh,M,INC,277339,Rasheed Masood,M,LKD,204730
481,Uttar Pradesh,85,Hardwar,(SC),Sunder Lal,M,INC,253892,Jagpal Singh,M,LKD,118704
482,Uttar Pradesh,By Polls (1987),Hardwar,(SC),R. Singh,M,INC,149377,Mayawati(W),F,BSP,125399
483,West Bengal,1,Cooch Behar,(SC),Amar Roy Prodhan,M,FBL,345160,Prasenjit Barman,M,INC,299643
484,West Bengal,2,Alipurduars,(ST),Pijus Tirkey,M,RSP,278358,Philip Minj,M,INC,248176
485,West Bengal,3,Jalpaiguri,GEN,Manik Sanyal,M,CPM,285619,Arun Moitra,M,INC,252447
486,West Bengal,4,Darjeeling,GEN,Ananda Prasad Pathak,M,CPM,228679,Dawa Narbula,M,INC,227290
487,West Bengal,5,Raiganj,GEN,Golam Yazdani,M,INC,271983,Subrata Mukherjee,M,CPM,251759
488,West Bengal,6,Balurghat,(SC),Palas Barman,M,RSP,317141,Satyendra Nath Ray,M,INC,294924
489,West Bengal,7,Malda,GEN,Abul Barkat Ataul G K Choudhury,M,INC,304963,Dinesh Joardar,M,CPM,258337
490,West Bengal,8,Jangipur,GEN,Abedin Zainal,M,CPM,283977,Md. Sohorab,M,INC,269239
491,West Bengal,9,Murshidabad,GEN,Syed Musudal Hossain,M,CPM,316571,Azizur Rahman,M,INC,310309
492,West Bengal,10,Berhampore,GEN,Atish Chandra Sinha,M,INC,317011,Tridib Chaudhuri,M,RSP,313964
493,West Bengal,11,Krishnanagar,GEN,Renu Pada Das,M,CPM,294657,Sankar Das Banerji,M,INC,289870
494,West Bengal,12,Nabadwip,(SC),Bibha Ghosh (Goswami),F,CPM,341188,Apurba Lal Majumdar,M,INC,334536
495,West Bengal,13,Barasat,GEN,Tarun Kanti Ghosh,M,INC,343184,Chitta Basu,M,FBL,330572
496,West Bengal,14,Basirhat,GEN,Indrajit Gupta,M,CPI,315444,Kamal Basu,M,INC,276401
497,West Bengal,15,Joynagar,(SC),Sant Kumar Manda,M,RSP,264406,Ardhendu Sekhar Naskar,M,INC,243957
498,West Bengal,16,Mathurapur,(SC),Manoranjan Halder,M,INC,282343,Nirmal Sinha,M,CPM,280044
499,West Bengal,17,Diamond Harbour,GEN,Amal Datta,M,CPM,281271,Sudhendu Mundle,M,INC,276598
500,West Bengal,18,Jadavpur,GEN,Mamata Banerjee,F,INC,331618,Somnath Chatterjee,M,CPM,311958
501,West Bengal,19,Barrackpore,GEN,Debi Ghosal,M,INC,323483,Mohammed Amin,M,CPM,269814
502,West Bengal,20,Dum Dum,GEN,Asutosh Law,M,INC,381984,Niren Ghosh,M,CPM,379281
503,West Bengal,21,Calcutta North West,GEN,Ashok Kumar Sen,M,INC,242982,Amiya Nath Bose,M,FBL,110560
504,West Bengal,22,Calcutta North East,GEN,Ajit Kumar Panja,M,INC,284324,Sunil Maitra,M,CPM,195748
505,West Bengal,23,Calcutta South,GEN,Bhola Nath Sen,M,INC,324823,Satyasadhan Chakraborty,M,CPM,235884
506,West Bengal,24,Howrah,GEN,Priya Ranjan Das Munshi,M,INC,381216,Samar Mukherjee,M,CPM,287174
507,West Bengal,25,Uluberia,GEN,Hannan Mollah,M,CPM,312041,Anwar Ali Sk.,M,INC,299616
508,West Bengal,26,Serampore,GEN,Bimal Kanti Ghosh,M,INC,338152,Ajit Bag,M,CPM,307921
509,West Bengal,27,Hooghly,GEN,Indumati Bhattacharyya,F,INC,320436,Rup Chand Pal,M,CPM,309469
510,West Bengal,28,Arambagh,GEN,Anil Basu,M,CPM,327786,Gopal Das Nag,M,INC,313626
511,West Bengal,29,Panskura,GEN,Geeta Mukherjee,F,CPI,321694,Chittaranjan Chakraborty,M,INC,273818
512,West Bengal,30,Tamluk,GEN,Mishra Satyagopal,M,CPM,313955,Saradindu Samanta,M,INC,302263
513,West Bengal,31,Contai,GEN,Phulrenu Guha,F,INC,282065,Sudhi Kumar Giri,M,CPM,268307
514,West Bengal,32,Midnapore,GEN,Narayan Choubey,M,CPI,318511,Ajit Kumar Khanra,M,INC,261514
515,West Bengal,33,Jhargram,(ST),Motilal Hansda,M,CPM,290454,Amiya Kumar Kisku,M,INC,215212
516,West Bengal,34,Purulia,GEN,Chittaranjan Mahata,M,FBL,261460,K.P. Singh Deo,M,INC,247709
517,West Bengal,35,Bankura,GEN,Acharia Basudeb,M,CPM,268136,Arun Kumar Bhattacharya,M,INC,243920
518,West Bengal,36,Vishnupur,(SC),Ajit Kumar Saha,M,CPM,328580,Gourandr Cha Lohar,M,INC,252940
519,West Bengal,37,Durgapur,(SC),Purna Chandra Malik,M,CPM,334688,Gopal Mondal,M,INC,295920
520,West Bengal,38,Asansol,GEN,Anada Gopal Mukherjee,M,INC,334212,Bamapada Mukherjee,M,CPM,247546
521,West Bengal,39,Burdwan,GEN,Sudhir Ray,M,CPM,366547,Pradyut Guha,M,INC,308863
522,West Bengal,40,Katwa,GEN,Saifuddin Chowdhury,M,CPM,346251,Chowdhury Siddiqullah,M,INC,302801
523,West Bengal,41,Bolpur,GEN,Saradish Roy,M,CPM,317749,Nihar Dutta,M,INC,256818
524,West Bengal,By Polls (1985),Bolpur,GEN,S.Chatterjee,M,CPM,339078,S.S.Ray,M,INC,240079
525,West Bengal,42,Birbhum,(SC),Gadahar Saha,M,CPM,278155,Badal Bagdi,M,INC,264674
526,Andaman and Nicobar Islands,1,Andaman & Nicobar Islands,GEN,Manoranjan Bhakta,M,INC,47019,K.Kandaswamy,M,LKD,27883
527,Chandigarh,1,Chandigarh,GEN,Jagan Nath Kaushal,M,INC,103090,Harmohan Dhawan,M,JNP,36790
528,Dadra And Nagar Haveli,1,Dadra And Nagar Haveli,(ST),Gavli Sitaram Jivyabhai,M,IND,20852,Mahala Ramjibhai Potiabhai,M,INC,15471
529,Daman And Diu,1,Daman And Diu,GEN,T.G.Kalanbhai,M,INC,17027,F.N.Srinivasan,M,IND,9303
530,Delhi,1,New Delhi,GEN,Krsihan Chandra Pant,M,INC,131932,Kanwar Lal Gupta,M,BJP,59046
531,Delhi,2,South Delhi,GEN,Lalit Maken,M,INC,215898,Vijay Kumar Malhotra,M,BJP,130847
532,Delhi,By Polls (1985),South Delhi,GEN,A. Singh,M,IND,161744,V.K.Malhotra,M,BJP,121830
533,Delhi,3,Outer Delhi,GEN,Bharat Singh,M,INC,365454,Tarif Singh,M,LKD,115777
534,Delhi,4,East Delhi,GEN,H.K.L.Bhagat,M,INC,386150,Kishore Lal,M,JNP,73970
535,Delhi,5,Chandni Chowk,GEN,Jai Parkash Agarwal,M,INC,122069,Sikander Bakht,M,BJP,74993
536,Delhi,6,Delhi Sadar,GEN,Jagdish Tytler,M,INC,155333,Madan Lal Khurana,M,BJP,89480
537,Delhi,7,Karol Bagh,(SC),Sunderwati Nawal Prabhakar,F,INC,151416,Surender Pal Rathwal,M,BJP,64844
538,Lakshadweep,1,Lakshadweep,GEN,Mohammad Sayeed Padannatha,M,INC,10361,Mohammadkoya Kunnamakulam,M,IND,8662
539,Pondicherry,1,Pondicherry,GEN,P.Shammugam,M,INC,159376,C.P.Thirunavukkarasu,M,DMK,97672
