,State,No.,Name,Type,Candidate,Party,%,Votes,Candidate,Party,%,Votes,%,Votes
0,Andhra Pradesh,2,Srikakulam,OC,Kinjarapu Ram Mohan Naidu,TDP,61.05%,"7,54,328",Perada Tilak,YSRCP,34.51%,"4,26,427",26.54%,"3,27,901"
1,Andhra Pradesh,3,Vizianagaram,OC,Appalanaidu Kalisetti,TDP,57.20%,"7,43,113",Bellana Chandra Sekhar,YSRCP,38.00%,"4,93,762",19.19%,"2,49,351"
2,Andhra Pradesh,4,Visakhapatnam,OC,Mathukumilli Bharat,TDP,65.42%,"9,07,467",Botsa Jhansi Lakshmi,YSRCP,29.07%,"4,03,220",36.35%,"5,04,247"
3,Andhra Pradesh,5,Anakapalli,OC,C. M. Ramesh,BJP,57.50%,"7,62,069",Budi Mutyala Naidu,YSRCP,35.13%,"4,65,539",22.37%,"2,96,530"
4,Andhra Pradesh,6,Kakinada,OC,Tangella Uday Srinivas,JSP,54.87%,"7,29,699",Chalamalasetti Sunil,YSRCP,37.62%,"5,00,208",17.26%,"2,29,491"
5,Andhra Pradesh,7,Amalapuram,SC,Ganti Harish Madhur,TDP,61.25%,"7,96,981",Rapaka Vara Prasada Rao,YSRCP,34.95%,"4,54,785",26.30%,"3,42,196"
6,Andhra Pradesh,8,Rajahmundry,OC,Daggubati Purandeswari,BJP,54.82%,"7,26,515",Guduri Srinivas,YSRCP,36.77%,"4,87,376",18,"2,39,139"
7,Andhra Pradesh,9,Narasapuram,OC,Bhupathi Raju Srinivasa Varma,BJP,57.46%,"7,07,343",Guduri Umabala,YSRCP,34.98%,"4,30,541",22.48%,"2,76,802"
8,Andhra Pradesh,10,Eluru,OC,Putta Mahesh Yadav,TDP,54%,"7,46,351",Karumuri Sunilkumar Yadav,YSRCP,40.84%,"5,64,494",13.16%,"1,81,857"
9,Andhra Pradesh,11,Machilipatnam,OC,Vallabhaneni Balashowry,JSP,55.22%,"7,24,439",Simhadri Chandrasekhar Rao,YSRCP,38.21%,"5,01,260",17.01%,"2,23,179"
10,Andhra Pradesh,12,Vijayawada,OC,Kesineni Sivanath,TDP,58.21%,"7,94,154",Kesineni Srinivas,YSRCP,37.53%,"5,12,069",20.68%,"2,82,085"
11,Andhra Pradesh,13,Guntur,OC,Chandra Sekhar Pemmasani,TDP,60.68%,"8,64,948",Kilari Venkata Rosaiah,YSRCP,36.50%,"5,20,253",24.18%,"3,44,695"
12,Andhra Pradesh,14,Narasaraopet,OC,Lavu Sri Krishna Devarayalu,TDP,53.88%,"8,07,996",Poluboina Anilkumar Yadav,YSRCP,43.23%,"6,48,267",10.65%,"1,59,729"
13,Andhra Pradesh,15,Bapatla,SC,Krishna Prasad Tenneti,TDP,55.16%,"7,17,493",Nandigam Suresh,YSRCP,39.17%,"5,09,462",15.99%,"2,08,031"
14,Andhra Pradesh,16,Ongole,OC,Magunta Sreenivasulu Reddy,TDP,49.35%,"7,01,894",Chevireddy Bhaskar Reddy,YSRCP,45.82%,"6,51,695",3.53%,"50,199"
15,Andhra Pradesh,17,Nandyal,OC,Byreddy Shabari,TDP,49.92%,"7,01,131",Pocha Brahmananda Reddy,YSRCP,41.95%,"5,89,156",7.97%,"1,11,975"
16,Andhra Pradesh,18,Kurnool,OC,Bastipati Nagaraju Panchalingala,TDP,49.51%,"6,58,914",B. Y. Ramaiah,YSRCP,41.15%,"5,47,616",8.39%,"1,11,298"
17,Andhra Pradesh,19,Anantapur,OC,Ambica G Lakshminarayana Valmiki,TDP,53.33%,"7,68,245",Malagundla Sankaranarayana,YSRCP,40.24%,"5,79,690",13.09%,"1,88,555"
18,Andhra Pradesh,20,Hindupur,OC,B. K. Parthasarathi,TDP,51.23%,"7,25,534",J. Shantha,YSRCP,41.88%,"5,93,107",9,"1,32,427"
19,Andhra Pradesh,21,Kadapa,OC,Y. S. Avinash Reddy,YSRCP,45.78%,"6,05,143",Chadipiralla Bhupesh Reddy,TDP,41.03%,"5,42,448",4.75%,"62,995"
20,Andhra Pradesh,22,Nellore,OC,Vemireddy Prabhakar Reddy,TDP,55.70%,"7,66,202",V. Vijaysai Reddy,YSRCP,37.82%,"5,20,300",17.88%,"2,45,902"
21,Andhra Pradesh,23,Tirupati,SC,Maddila Gurumoorthy,YSRCP,46,"6,32,228",Velagapalli Varaprasad Rao,BJP,44.67%,"6,17,659",1.06%,"14,569"
22,Andhra Pradesh,24,Rajampet,OC,P. V. Midhun Reddy,YSRCP,48.38%,"6,44,844",Kiran Kumar Reddy,BJP,42.67%,"5,68,773",5.71%,"76,071"
23,Andhra Pradesh,25,Chittoor,SC,Daggumalla Prasada Rao,TDP,54.84%,"7,78,071",N. Reddeppa,YSRCP,39.3%,"5,57,592",15.54%,"2,20,479"
24,Arunachal Pradesh,2,Arunachal East,ST,Tapir Gao,BJP,45.0%,"1,45,581",Bosiram Siram,INC,35.6%,"1,15,160",9.4%,"30,421"
25,Assam,2,Dhubri,OC,Rakibul Hussain,INC,60.0%,"14,71,885",Mohammed Badruddin Ajmal,AIUDF,18.7%,"4,59,409",41.3%,"1,012,476"
26,Assam,3,Barpeta,OC,Phani Bhusan Choudhury,AGP,51.0%,"8,60,113",Deep Bayan,INC,37.8%,"6,37,762",13.2%,"222,351"
27,Assam,4,Darrang–Udalguri,OC,Dilip Saikia,BJP,47.9%,"8,68,387",Madhab Rajbangshi,INC,29.8%,"5,39,375",18.1%,"329,012"
28,Assam,5,Guwahati,OC,Bijuli Kalita Medhi,BJP,56.0%,"8,94,887",Mira Borthakur Goswami,INC,40.3%,"6,43,797",15.7%,"251,090"
29,Assam,6,Diphu,ST,Amarsing Tisso,BJP,49%,"3,34,620",J.I. Kathar,IND,27%,"1,87,017",22%,"147,603"
30,Assam,7,Karimganj,OC,Kripanath Mallah,BJP,47.5%,"5,45,093",Hafiz Rashid Ahmed Choudhury,INC,45.9%,"5,26,733",1.6%,"18,360"
31,Assam,8,Silchar,SC,Parimal Suklabaidya,BJP,59.9%,"6,52,405",Surya Kanta Sarkar,INC,35.6%,"3,88,094",24.3%,"264,311"
32,Assam,9,Nagaon,OC,Pradyut Bordoloi,INC,50.9%,"7,88,850",Suresh Borah,BJP,37.2%,"5,76,619",13.7%,"212,231"
33,Assam,10,Kaziranga,OC,Kamakhya Prasad Tasa,BJP,55.0%,"8,97,043",Roselina Tirkey,INC,39.8%,"6,48,096",15.2%,"248,947"
34,Assam,11,Sonitpur,OC,Ranjit Dutta,BJP,60.2%,"7,75,788",Premlal Ganju,INC,32.2%,"4,14,380",28.0%,"361,408"
35,Assam,12,Lakhimpur,OC,Pradan Baruah,BJP,54.7%,"6,63,122",Uday Shankar Hazarika,INC,38.1%,"4,61,865",16.6%,"2,01,257"
36,Assam,13,Dibrugarh,OC,Sarbananda Sonowal,BJP,54.3%,"6,93,762",Lurinjyoti Gogoi,AJP,32.4%,"4,14,441",21.9%,"279,321"
37,Assam,14,Jorhat,OC,Gaurav Gogoi,INC,54.0%,"7,51,771",Topon Kumar Gogoi,BJP,43.7%,"6,07,378",10.3%,"144,393"
38,Bihar,2,Paschim Champaran,OC,Sanjay Jaiswal,BJP,53.43%,"5,80,421",Madan Mohan Tiwari,INC,40.86%,"4,43,853",12.57%,"1,36,568"
39,Bihar,3,Purvi Champaran,OC,Radha Mohan Singh,BJP,50.5%,"5,42,193",Dr. Rajesh Kumar,VIP,42.28%,"4,53,906",8.22%,"88,287"
40,Bihar,4,Sheohar,OC,Lovely Anand,JD(U),45.15%,"4,76,612",Ritu Jaiswal,RJD,42.39%,"4,47,469",2.76%,"29,143"
41,Bihar,5,Sitamarhi,OC,Devesh Chandra Thakur,JD(U),47.14%,"5,15,719",Arjun Ray,RJD,42.45%,"4,64,363",4.69%,"51,356"
42,Bihar,6,Madhubani,OC,Ashok Kumar Yadav,BJP,53.85%,"5,53,428",Mohammad Ali Ashraf Fatmi,RJD,39.07%,"4,01,483",14.78%,"1,51,945"
43,Bihar,7,Jhanjharpur,OC,Ramprit Mandal,JD(U),48.73%,"5,33,032",Suman Kumar Mahaseth,VIP,31.9%,"3,48,863",16.83%,"1,84,169"
44,Bihar,8,Supaul,OC,Dileshwar Kamait,JD(U),48.33%,"5,95,038",Chandrahas Chaupal,RJD,34.54%,"4,25,235",13.79%,"1,69,803"
45,Bihar,9,Araria,OC,Pradeep Kumar Singh,BJP,47.91%,"6,00,146",Mohammed Shahnawaz Alam,RJD,46.31%,"5,80,052",1.60%,"20,094"
46,Bihar,10,Kishanganj,OC,Mohammad Jawed,INC,35%,"4,02,850",Mujahid Alam,JD(U),29.81%,"3,43,158",5.19%,"59,692"
47,Bihar,11,Katihar,OC,Tariq Anwar,INC,48.41%,"5,67,092",Dulal Chandra Goswami,JD(U),44.15%,"5,17,229",4.26%,"49,863"
48,Bihar,12,Purnia,OC,Pappu Yadav,Independent,47.46%,"5,67,556",Santosh Kumar,JD(U),45.47%,"5,43,709",1.99%,"23,847"
49,Bihar,13,Madhepura,OC,Dinesh Chandra Yadav,JD(U),52.96%,"6,40,649",Da Kumar Chandradeep,RJD,38.53%,"4,66,115",14.43%,"1,74,534"
50,Bihar,14,Darbhanga,OC,Gopal Jee Thakur,BJP,55.33%,"5,66,630",Lalit Kumar Yadav,RJD,37.93%,"3,88,474",17.4%,"1,78,156"
51,Bihar,15,Muzaffarpur,OC,Raj Bhushan Choudhary,BJP,55.71%,"6,19,749",Ajay Nishad,INC,34.59%,"3,84,822",21.12%,"2,34,927"
52,Bihar,16,Vaishali,OC,Veena Devi,LJP(RV),48.38%,"5,67,043",Vijay Kumar Shukla,RJD,40.73%,"4,77,409",7.65%,"89,634"
53,Bihar,17,Gopalganj,SC,Alok Kumar Suman,JD(U),48.15%,"5,11,866",Prem Nath Chanchal Alias Chanchal Paswan,VIP,36.19%,"3,84,686",11.19%,"1,27,180"
54,Bihar,18,Siwan,OC,Vijay Lakshmi Devi,JD(U),38.73%,"3,86,508",Hena Shahab,Independent,29.42%,"2,93,651",9.31%,"92,857"
55,Uttar Pradesh,19,Maharajganj,OC,Janardan Singh Sigriwal,BJP,52.22%,"5,29,533",Aakash Kumar Singh,INC,42.09%,"4,26,882",10.13%,"1,02,651"
56,Bihar,20,Saran,OC,Rajiv Pratap Rudy,BJP,46.18%,"4,71,752",Rohini Acharya,RJD,44.84%,"4,58,091",1.34%,"13,661"
57,Bihar,21,Hajipur,SC,Chirag Paswan,LJP(RV),53.29%,"6,15,718",Shiv Chandra Ram,RJD,38.57%,"4,45,613",14.72%,"1,70,105"
58,Bihar,22,Ujiarpur,OC,Nityanand Rai,BJP,49.51%,"5,15,965",Alok Kumar Mehta,RJD,43.75%,"4,55,863",5.76%,"60,102"
59,Bihar,23,Samastipur,SC,Shambhavi,LJP(RV),52.97%,"5,79,786",Sunny Hazari,INC,35.86%,"3,92,535",17.11%,"1,87,251"
60,Bihar,24,Begusarai,OC,Giriraj Singh,BJP,50.15%,"6,49,331",Abdhesh Kumar Roy,CPI,43.86%,"5,67,851",6.29%,"81,480"
61,Bihar,25,Khagaria,OC,Rajesh Verma,LJP(RV),50.73%,"5,38,657",Sanjay Kumar,CPI(M),35.55%,"3,77,526",15.18%,"1,61,131"
62,Bihar,26,Bhagalpur,OC,Ajay Kumar Mandal,JD(U),50.38%,"5,36,031",Ajeet Sharma,INC,40.52%,"4,31,163",9.86%,"1,04,868"
63,Bihar,27,Banka,OC,Giridhari Yadav,JD(U),49.96%,"5,06,678",Jai Prakash Narayan Yadav,RJD,39.72%,"4,02,834",10.24%,"1,03,834"
64,Bihar,28,Munger,OC,Rajeev Ranjan Singh Alias Lalan Singh,JD(U),48.3%,"5,50,146",Kumari Anita,RJD,41.2%,"4,69,276",7.1%,"80,870"
65,Bihar,29,Nalanda,OC,Kaushalendra Kumar,JD(U),48.88%,"5,59,422",Sandeep Saurav,CPI(ML)L,34.11%,"3,90,308",14.77%,"1,69,114"
66,Bihar,30,Patna Sahib,OC,Ravi Shankar Prasad,BJP,54.7%,"5,88,270",Anshul Avijit,INC,40.39%,"4,34,424",14.31%,"1,53,846"
67,Bihar,31,Pataliputra,OC,Misha Bharti,RJD,49.86%,"6,13,283",Ram Kripal Yadav,BJP,42.93%,"5,28,109",6.93%,"85,174"
68,Bihar,32,Arrah,OC,Sudama Prasad,CPI(ML)L,48.28%,"5,29,382",R. K. Singh,BJP,42.82%,"4,69,574",5.46%,"59,808"
69,Bihar,33,Buxar,OC,Sudhakar Singh,RJD,40.82%,"4,38,345",Mithlesh Tiwari,BJP,38.02%,"4,08,254",2.8%,"30,091"
70,Bihar,34,Sasaram,SC,Manoj Kumar,INC,46.76%,"5,13,004",Shivesh Kumar,BJP,45.01%,"4,93,847",1.75%,"19,157"
71,Bihar,35,Karakat,OC,Raja Ram Singh Kushwaha,CPI(ML)L,36.89%,"3,80,581",Pawan Singh,Independent,26.63%,"2,74,723",10.26%,"1,05,858"
72,Bihar,36,Jahanabad,OC,Surendra Prasad Yadav,RJD,47.88%,"4,43,035",Chandeshwar Prasad,JD(U),32.47%,"3,00,444",15.41%,"1,42,591"
73,Maharashtra,37,Aurangabad,OC,Abhay Kumar Sinha,RJD,49.22%,"4,65,567",Sushil Kumar Singh,BJP,40.86%,"3,86,456",8.36%,"79,111"
74,Bihar,38,Gaya,SC,Jitan Ram Manjhi,HAM(S),51.36%,"4,94,960",Kumar Sarvjeet,RJD,40.8%,"3,93,148",10.56%,"1,01,812"
75,Bihar,39,Nawada,OC,Vivek Thakur,BJP,47.2%,"4,10,608",Shrawan Kumar,RJD,39.42%,"3,42,938",7.78%,"67,670"
76,Bihar,40,Jamui,SC,Arun Bharti,LJP(RV),51.98%,"5,09,046",Archana Kumari,RJD,40.5%,"3,96,564",11.48%,"1,12,482"
77,Chhattisgarh,2,Raigarh,ST,Radheshyam Rathiya,BJP,55.63%,"8,08,275",Menka Devi Singh,INC,39.08%,"5,67,884",16.55%,"240,391"
78,,3,Janjgir-Champa,SC,Kamlesh Jangre,BJP,48.71%,"6,78,199",Shivkumar Dahariya,INC,44.40%,"6,18,199",4.31%,"60,000"
79,Chhattisgarh,4,Korba,OC,Jyotsna Mahant,INC,46.53%,"5,70,182",Saroj Pandey,BJP,43.00%,"5,26,899",3.53%,"43,283"
80,Chhattisgarh,5,Bilaspur,OC,Tokhan Sahu,BJP,53.25%,"7,24,937",Devender Singh Yadav,INC,41.16%,"5,60,379",12.09%,"164,558"
81,Chhattisgarh,6,Rajnandgaon,OC,Santosh Pandey,BJP,49.25%,"7,12,057",Bhupesh Baghel,INC,46.18%,"6,67,646",3.07%,"44,411"
82,Chhattisgarh,7,Durg,OC,Vijay Baghel,BJP,62.00%,"9,56,497",Rajendra Sahu,INC,33.59%,"5,18,271",28.41%,"438,226"
83,Chhattisgarh,8,Raipur,OC,Brijmohan Agrawal,BJP,66.19%,"10,50,351",Vikas Upadhyay,INC,29.94%,"4,75,066",36.25%,"575,285"
84,Chhattisgarh,9,Mahasamund,OC,Roop Kumari Choudhary,BJP,53.06%,"7,03,659",Tamradhwaj Sahu,INC,42.09%,"5,58,203",10.97%,"145,456"
85,Chhattisgarh,10,Bastar,ST,Mahesh Kashyap,BJP,45.50%,"4,58,398",Kawasi Lakhma,INC,40.02%,"4,03,153",5.48%,"55,245"
86,Chhattisgarh,11,Kanker,ST,Bhojraj Nag,BJP,47.23%,"5,97,624",Biresh Thakur,INC,47.08%,"5,95,740",0.15%,"1,884"
87,,2,Dadra And Nagar Haveli,ST,Delkar Kalaben Mohanbhai,BJP,58.89%,"1,21,074",Ajit Ramjibhai Mahala,INC,30.88%,"63,490",28.01%,"57,584"
88,Delhi,2,North East Delhi,OC,Manoj Tiwari,BJP,53.1%,"8,24,451",Kanhaiya Kumar,INC,44.16%,"6,85,673",8.94%,"1,38,778"
89,Delhi,3,East Delhi,OC,Harsh Malhotra,BJP,52.59%,"6,64,819",Kuldeep Kumar (Monu),AAP,45.18%,"5,71,156",7.41%,"93,663"
90,Delhi,4,New Delhi,OC,Bansuri Swaraj,BJP,53.48%,"4,53,185",Somnath Bharti,AAP,44.23%,"3,74,815",9.25%,"78,370"
91,Delhi,5,North West Delhi,SC,Yogender Chandoliya,BJP,58.26%,"8,66,483",Udit Raj,INC,38.71%,"5,75,634",19.71%,"2,90,849"
92,Delhi,6,West Delhi,OC,Kamaljeet Sehrawat,BJP,55.27%,"8,42,658",Mahabal Mishra,AAP,42.22%,"6,43,645",13.05%,"1,99,013"
93,Delhi,7,South Delhi,OC,Ramvir Singh Bidhuri,BJP,53.46%,"6,92,832",Sahi Ram,AAP,43.87%,"5,68,499",9.59%,"1,24,333"
94,Goa,2,South Goa,OC,Captain Viriato Fernandes,INC,48.35%,"2,17,836",Pallavi Shrinivas Dempo,BJP,45.35%,"2,04,301",3%,"13,535"
95,Gujarat,2,Banaskantha,OC,Geniben Thakor,INC,48.83%,"6,71,883",Rekhaben Hiteshbhai Chaudhary,BJP,46.62%,"6,41,477",2.2%,"30,406"
96,Gujarat,3,Patan,OC,Bharatsinhji Dabhi,BJP,49.61%,"5,91,947",Chandanji Thakor,INC,46.94%,"5,60,071",2.67%,"31,876"
97,Gujarat,4,Mahesana,OC,Haribhai Patel,BJP,63.74%,"6,86,406",Ramji Thakor (Palvi),INC,33.28%,"3,58,360",30.46%,"328,046"
98,Gujarat,5,Sabarkantha,OC,Shobhnaben Mahendrasinh Baraiya,BJP,53.36%,"6,77,318",Tushar Chaudhary,INC,40.85%,"5,21,636",12.19%,"155,682"
99,Gujarat,6,Gandhinagar,OC,Amit Shah,BJP,76.48%,"10,10,972",Sonal Patel,INC,20.13%,"2,66,256",56.34%,"744,716"
100,Gujarat,7,Ahmedabad East,OC,Hasmukh Patel,BJP,68.28%,"7,70,459",Himmatsinh Patel,INC,27.36%,"3,08,704",40.92%,"461,755"
101,Gujarat,8,Ahmedabad West,SC,Dineshbhai Kodarbhai Makwana,BJP,63.28%,"6,11,704",Bharat Makwana,INC,33.65%,"3,25,267",29.63%,"286,437"
102,Gujarat,9,Surendranagar,OC,Chandubhai Chhaganbhai Shihora,BJP,59.2%,"6,69,749",Rutvik Makwana,INC,36.07%,"4,08,132",23.12%,"261,617"
103,Gujarat,10,Rajkot,OC,Parshottam Rupala,BJP,67.37%,"8,57,984",Paresh Dhanani,INC,29.35%,"3,73,724",38.02%,"484,260"
104,Gujarat,11,Porbandar,OC,Mansukh Mandaviya,BJP,68.15%,"6,33,118",Lalitbhai Vasoya,INC,26.88%,"2,49,758",41.27%,"383,360"
105,Gujarat,12,Jamnagar,OC,Poonamben Maadam,BJP,58.98%,"6,20,049",J.P Marvia,INC,36.34%,"3,82,041",22.64%,"238,008"
106,Gujarat,13,Junagadh,OC,Rajesh Chudasama,BJP,54.67%,"5,84,049",Hirabhai Jotva,INC,41.99%,"4,48,555",12.68%,"135,494"
107,Gujarat,14,Amreli,OC,Bharatbhai Manubhai Sutariya,BJP,66.28%,"5,80,872",Jennyben Thummar,INC,29.64%,"2,59,804",36.63%,"321,068"
108,Gujarat,15,Bhavnagar,OC,Nimuben Jayantibhai Bambhania,BJP,68.46%,"7,16,883",Umesh Makwana,AAP,24.98%,"2,61,594",43.48%,"455,289"
109,Gujarat,16,Anand,OC,Mitesh Rameshbhai Patel,BJP,52.44%,"6,12,484",Amitbhai Chavda,INC,44.74%,"5,22,545",7.70%,"89,939"
110,Gujarat,17,Kheda,OC,Devusinh Jesingbhai Chauhan,BJP,63.31%,"7,44,435",Kalusinh Dabhi,INC,32.88%,"3,86,677",30.42%,"357,758"
111,Gujarat,18,Panchmahal,OC,Rajpalsinh Mahendrasinh Jadhav,BJP,70.22%,"7,94,579",Gulabsinh Chaudhan,INC,25.21%,"2,85,237",45.01%,"509,342"
112,Gujarat,19,Dahod,ST,Jasvantsinh Sumanbhai Bhabhor,BJP,61.59%,"6,88,715",Prabhaben Taviyad,INC,31.75%,"3,55,038",29.84%,"333,677"
113,Gujarat,20,Vadodara,OC,Hemang Yogeshchandra Joshi,BJP,72.04%,"8,73,189",Jashpalsinh Padhiyar,INC,24.01%,"2,91,063",48.02%,"582,126"
114,Gujarat,21,Chhota Udaipur,ST,Jashubhai Bhilubhai Rathva,BJP,62.84%,"7,96,589",Sukhrambhai Rathwa,INC,31.38%,"3,97,812",31.46%,"398,777"
115,Gujarat,22,Bharuch,OC,Mansukhbhai Vasava,BJP,50.72%,"6,08,157",Chaitar Vasava,AAP,43.58%,"5,22,461",7.15%,"85,696"
116,Gujarat,23,Bardoli,ST,Parbhubhai Vasava,BJP,57.04%,"7,63,950",Siddharth Chaudhary,INC,39.85%,"5,33,697",17.19%,"230,253"
117,Gujarat,25,Navsari,OC,C. R. Patil,BJP,77.05%,"10,31,065",Naishadh Desai,INC,19.24%,"2,57,514",57.80%,"773,551"
118,Gujarat,26,Valsad,ST,Dhaval Laxmanbhai Patel,BJP,56.13%,"7,64,226",Anantbhai Patel,INC,40.66%,"5,53,522",15.48%,"210,704"
119,Haryana,2,Kurukshetra,OC,Naveen Jindal,BJP,44.96%,"5,42,175",Dr. Sushil Gupta,AAP,42.55%,"5,13,154",2.41%,"29,021"
120,Haryana,3,Sirsa,SC,Selja Kumari,INC,54.17%,"7,33,823",Ashok Tanwar,BJP,34.35%,"4,65,326",19.82%,"2,68,497"
121,Haryana,4,Hisar,OC,Jai Parkash,INC,48.58%,"5,70,424",Ranjit Singh Chautala,BJP,43.19%,"5,07,043",5.39%,63381
122,Haryana,5,Karnal,OC,Manohar Lal Khattar,BJP,54.93%,"7,39,285",Divyanshu Budhiraja,INC,37.65%,"5,06,708",17.28%,232577
123,Haryana,6,Sonipat,OC,Satpal Brahamchari,INC,48.82%,"5,48,682",Mohan Lal Badoli,BJP,46.88%,"5,26,866",1.94%,21816
124,Haryana,7,Rohtak,OC,Deepender Singh Hooda,INC,62.76%,"7,83,578",Dr. Arvind Kumar Sharma,BJP,35.11%,"4,38,280",27.65%,345298
125,,8,Bhiwani–Mahendragarh,OC,Dharambir Singh Chaudhary,BJP,49.74%,"5,88,664",Rao Dan Singh,INC,46.24%,"5,47,154",3.5%,41510
126,Haryana,9,Gurgaon,OC,Rao Inderjit Singh,BJP,50.48%,"8,08,336",Raj Babbar,INC,45.79%,"7,33,257",4.69%,75079
127,Haryana,10,Faridabad,OC,Krishan Pal Gurjar,BJP,53.60%,"7,88,569",Mahender Pratap Singh,INC,41.84%,"6,15,655",11.76%,172914
128,Himachal Pradesh,2,Mandi,OC,Kangana Ranaut,BJP,52.87%,"5,37,022",Vikramaditya Singh,INC,45.51%,"4,62,267",7.36%,74755
129,Uttar Pradesh,3,Hamirpur,OC,Anurag Thakur,BJP,57.97%,"6,07,068",Satpal Raizada,INC,40.55%,"4,24,711",17.42%,182357
130,Himachal Pradesh,4,Shimla,SC,Suresh Kumar Kashyap,BJP,53.58%,"5,19,748",Vinod Sultanpuri,INC,44.16%,"4,28,297",9.42%,91451
131,Jammu and Kashmir,2,Srinagar,OC,Aga Syed Ruhullah Mehdi,JKNC,52.85%,"3,56,866",Waheed Ur Rehman Para,JKPDP,24.95%,"1,68,450",27.9%,188416
132,,3,Anantnag-Rajouri,OC,Mian Altaf Ahmed Larvi,JKNC,50.85%,"5,21,836",Mehbooba Mufti,JKPDP,23.39%,"2,40,042",27.46%,281794
133,Jammu and Kashmir,4,Udhampur,OC,Dr. Jitendra Singh,BJP,51.28%,"5,71,076",Chaudhary Lal Singh,INC,40.11%,"4,46,703",11.17%,124373
134,Jammu and Kashmir,5,Jammu,OC,Jugal Kishore Sharma,BJP,52.8%,"6,87,588",Raman Bhalla,INC,42.4%,"5,52,090",10.4%,135498
135,Jharkhand,2,Dumka,ST,Nalin Soren,JMM,46.23%,"5,47,370",Sita Murmu,BJP,44.32%,"5,24,843",1.91%,22527
136,Jharkhand,3,Godda,OC,Nishikant Dubey,BJP,49.57%,"6,93,140",Pradeep Yadav,INC,42.29%,"5,91,327",7.28%,101813
137,Jharkhand,4,Chatra,OC,Kali Charan Singh,BJP,52.89%,"5,74,556",Krishna Nand Tripathy,INC,32.55%,"3,53,597",17.34%,220959
138,,5,Kodarma,OC,Annpurna Devi,BJP,57.79%,"7,91,657",Vinod Kumar Singh,CPI(ML)L,30.27%,"4,14,643",27.52%,377014
139,Jharkhand,6,Giridih,OC,Chandra Prakash Choudhary,AJSU,35.67%,"4,51,139",Mathura Prasad Mahato,JMM,29.27%,"3,70,259",6.4%,80880
140,Jharkhand,7,Dhanbad,OC,Dulu Mahato,BJP,55.26%,"7,89,172",Anupama Singh,INC,32.04%,"4,57,589",23.22%,331583
141,Jharkhand,8,Ranchi,OC,Sanjay Seth,BJP,45.91%,"6,64,732",Yashaswini Sahay,INC,37.59%,"5,44,220",8.32%,120512
142,Jharkhand,9,Jamshedpur,OC,Bidyut Baran Mahato,BJP,56.84%,"7,26,174",Samir Kumar Mohanty,JMM,36.5%,"4,66,392",20.34%,259782
143,Jharkhand,10,Singhbhum,SC,Joba Majhi,JMM,51.62%,"5,20,164",Geeta Kora,BJP,34.91%,"3,51,762",16.71%,168402
144,Jharkhand,11,Khunti,ST,Kali Charan Munda,INC,54.62%,"5,11,647",Arjun Munda,BJP,38.64%,"3,61,972",15.98%,149675
145,,12,Lohardaga,ST,Sukhdeo Bhagat,INC,49.95%,"4,83,038",Samir Oraon,BJP,35.56%,"3,43,900",14.39%,139138
146,,13,Palamau,SC,Vishnu Dayal Ram,BJP,55.39%,"7,70,362",Mamata Bhuiyan,RJD,34.63%,"4,81,555",20.76%,288807
147,Jharkhand,14,Hazaribagh,OC,Manish Jaiswal,BJP,51.76%,"6,54,613",Jai Prakash Bhai Patel,INC,29.88%,"3,77,927",21.88%,276686
148,Karnataka,2,Belgaum,OC,Jagadish Shettar,BJP,55.06%,"7,62,029",Mrinal Hebbalkar,INC,42.17%,"5,83,592",12.89%,178437
149,Karnataka,3,Bagalkot,OC,Gaddigoudar Parvatagouda Chandanagouda,BJP,50.93%,"6,71,039",Samyukta Shivanand Patil,INC,45.74%,"6,02,640",5.19%,68399
150,Karnataka,4,Bijapur,SC,Ramesh Jigajinagi,BJP,51.91%,"6,72,781",Raju Alagur,INC,45.95%,"5,95,552",5.96%,77229
151,Karnataka,5,Gulbarga,SC,Radhakrishna Doddamani,INC,49.78%,"6,52,321",Umesh. G. Jadhav,BJP,47.7%,"6,25,116",2.08%,27205
152,Karnataka,6,Raichur,ST,G. Kumar Naik,INC,51.63%,"6,70,966",Raja Amareshwara Naik,BJP,45.49%,"5,91,185",6.14%,79781
153,Karnataka,7,Bidar,OC,Sagar Eshwar Khandre,INC,53.63%,"6,66,317",Bhagwant Khuba,BJP,43.26%,"5,37,442",10.37%,128875
154,Karnataka,8,Koppal,OC,K. Rajashekhar Basavaraj Hitnal,INC,49.93%,"6,63,511",Basavaraj K. Sharanappa,BJP,46.44%,"6,17,154",3.49%,46357
155,Karnataka,9,Bellary,ST,E. Tukaram,INC,52.58%,"7,30,845",B. Sreeramulu,BJP,45.46%,"6,31,853",7.12%,98992
156,Karnataka,10,Haveri,OC,Basavaraj Bommai,BJP,50.55%,"7,05,538",Anandswamy Gaddadevarmath,INC,47.43%,"6,62,025",3.12%,43513
157,Karnataka,11,Dharwad,OC,Prahlad Joshi,BJP,52.41%,"7,16,231",Vinod Asooti,INC,45.29%,"6,18,907",7.12%,97324
158,Karnataka,12,Uttara Kannada,OC,Vishweshwar Hegde Kageri,BJP,61.97%,"7,82,495",Anjali Nimbalkar,INC,35.25%,"4,45,067",26.72%,337428
159,Karnataka,13,Davanagere,OC,Prabha Mallikarjun,INC,47.95%,"6,33,059",Gayithri Siddeshwara,BJP,45.97%,"6,06,965",1.98%,26094
160,Karnataka,14,Shimoga,OC,B. Y. Raghavendra,BJP,56.54%,"7,78,721",Geetha Shivarajkumar,INC,38.85%,"5,35,006",17.69%,243715
161,Karnataka,15,Udupi Chikmagalur,OC,Kota Srinivas Poojary,BJP,59.56%,"7,32,234",K. Jayaprakash Hegde,INC,38.48%,"4,73,059",21.08%,259175
162,Karnataka,16,Hassan,OC,Shreyas M. Patel,INC,49.67%,"6,72,988",Prajwal Revanna,JD(S),46.52%,"6,30,339",3.15%,42649
163,Karnataka,17,Dakshina Kannada,OC,Brijesh Chowta,BJP,53.97%,"7,64,132",Padmaraj R. Poojary,INC,43.43%,"6,14,924",10.54%,149208
164,Karnataka,18,Chitradurga,SC,Govind Makthappa Karjol,BJP,50.11%,"6,84,890",B. N. Chandrappa,INC,46.58%,"6,36,769",3.53%,48121
165,Karnataka,19,Tumkur,OC,V. Somanna,BJP,55.31%,"7,20,946",S. P. Muddahanumegowda,INC,41.84%,"5,45,352",13.47%,175594
166,Karnataka,20,Mandya,OC,H. D. Kumaraswamy,JD(S),58.34%,"8,51,881",Venkataramane Gowda,INC,38.85%,"5,67,261",19.49%,284620
167,Karnataka,21,Mysore,OC,Yaduveer Krishnadatta Chamaraja Wadiyar,BJP,53.59%,"7,95,503",M. Lakshmana,INC,44.21%,"6,56,241",9.38%,139262
168,Karnataka,22,Chamarajanagar,SC,Sunil Bose,INC,54.87%,"7,51,671",Balaraj S.,BJP,41.1%,"5,62,965",13.77%,188706
169,Karnataka,23,Bangalore Rural,OC,C. N. Manjunath,BJP,56.21%,"10,79,002",D. K. Suresh,INC,42.16%,"8,09,355",14.05%,269647
170,Karnataka,24,Bangalore North,OC,Shobha Karandlaje,BJP,56.27%,"9,86,049",M. V. Rajeev Gowda,INC,41.46%,"7,26,573",14.81%,259476
171,Karnataka,25,Bangalore Central,OC,P. C. Mohan,BJP,50.05%,"6,58,915",Mansoor Ali Khan,INC,47.57%,"6,26,208",2.48%,32707
172,Karnataka,26,Bangalore South,OC,Tejaswi Surya,BJP,60.1%,"7,50,830",Sowmya Reddy,INC,37.92%,"4,73,747",22.18%,277083
173,Karnataka,27,Chikballapur,OC,K. Sudhakar,BJP,53.74%,"8,22,619",M. S. Raksha Ramaiah,INC,43.06%,"6,59,159",10.68%,163460
174,Karnataka,28,Kolar,OC,M. Mallesh Babu,JD(S),51.02%,"6,91,481",K. V. Gowtham,INC,45.76%,"6,20,093",5.26%,71388
175,Kerala,2,Kannur,OC,K. Sudhakaran,INC,48.74%,"5,18,524",M. V. Jayarajan,CPI(M),38.5%,"4,09,542",10.24%,108982
176,Kerala,3,Vatakara,OC,Shafi Parambil,INC,49.65%,"5,57,528",K. K. Shailaja,CPI(M),39.45%,"4,43,022",10.2%,114506
177,Kerala,4,Wayanad,OC,Rahul Gandhi,INC,59.69%,"6,47,445",Annie Raja,CPI,26.09%,"2,83,023",33.6%,364422
178,Kerala,5,Kozhikode,OC,M. K. Raghavan,INC,47.74%,"5,20,421",Elamaram Kareem,CPI(M),34.33%,"3,74,245",13.41%,146176
179,Kerala,6,Malappuram,OC,E. T. Mohammed Basheer,IUML,59.35%,"6,44,006",V Vaseef,CPI(M),31.69%,"3,43,888",27.66%,300118
180,Kerala,7,Ponnani,OC,M. P. Abdussamad Samadani,IUML,54.81%,"5,62,516",K.S. Hamza,CPI(M),31.84%,"3,26,756",22.97%,235760
181,Kerala,8,Palakkad,OC,V. K. Sreekandan,INC,40.66%,"4,21,169",A. Vijayaraghavan,CPI(M),33.39%,"3,45,886",7.27%,75283
182,Kerala,9,Alathur,SC,K. Radhakrishnan,CPI(M),40.66%,"4,03,447",Ramya Haridas,INC,38.63%,"3,83,336",2.03%,20111
183,Kerala,10,Thrissur,OC,Suresh Gopi,BJP,37.8%,"4,12,338",V. S. Sunilkumar,CPI,30.95%,"3,37,652",6.85%,74686
184,Kerala,11,Chalakudy,OC,Benny Behanan,INC,41.44%,"3,94,171",C. Raveendranath,CPI(M),34.73%,"3,30,417",6.71%,63754
185,Kerala,12,Ernakulam,OC,Hibi Eden,INC,52.97%,"4,82,317",K. J. Shine,CPI(M),25.47%,"2,31,932",27.5%,250385
186,Kerala,13,Idukki,OC,Dean Kuriakose,INC,51.43%,"4,32,372",Joice George,CPI(M),35.53%,"2,98,645",15.9%,133727
187,Kerala,14,Kottayam,OC,K. Francis George,KEC,43.6%,"3,64,631",Thomas Chazhikadan,KC(M),33.17%,"2,77,365",10.43%,87266
188,Kerala,15,Alappuzha,OC,K. C. Venugopal,INC,38.21%,"4,04,560",A. M. Ariff,CPI(M),32.21%,"3,41,047",6%,63513
189,,16,Mavelikkara,SC,Kodikunnil Suresh,INC,41.29%,"3,69,516",Arun Kumar C. A.,CPI,40.07%,"3,58,648",1.22%,10868
190,Kerala,17,Pathanamthitta,OC,Anto Antony,INC,39.98%,"3,67,623",T. M. Thomas Issac,CPI(M),32.79%,"3,01,504",7.19%,66119
191,Kerala,18,Kollam,OC,N. K. Premachandran,RSP,48.45%,"4,43,628",M. Mukesh,CPI(M),32.03%,"2,93,326",16.42%,150302
192,Kerala,19,Attingal,OC,Adoor Prakash,INC,33.29%,"3,28,051",V. Joy,CPI(M),33.22%,"3,27,367",0.07%,684
193,Kerala,20,Thiruvananthapuram,OC,Shashi Tharoor,INC,37.19%,"3,58,155",Rajeev Chandrasekhar,BJP,35.52%,"3,42,078",1.67%,16077
194,,2,Bhind,SC,Sandhya Ray,BJP,51.2%,"5,37,065",Phool Singh Baraiya,INC,45.02%,"4,72,225",6.18%,64840
195,Madhya Pradesh,3,Gwalior,OC,Bharat Singh Kushwah,BJP,49.99%,"6,71,535",Praveen Pathak,INC,44.77%,"6,01,325",5.22%,70210
196,Madhya Pradesh,4,Guna,OC,Jyotiraditya Scindia,BJP,67.21%,"9,23,302",Yadvendra Rao Deshraj Singh,INC,27.83%,"3,82,373",39.38%,540929
197,Madhya Pradesh,5,Sagar,OC,Lata Wankhede,BJP,68.49%,"7,87,979",Chandra Bhushan Singh Bundela,INC,27.53%,"3,16,757",40.96%,471222
198,,6,Tikamgarh,SC,Virendra Kumar Khatik,BJP,65.1%,"7,15,050",Pankaj Ahirwar,INC,28.38%,"3,11,738",36.72%,403312
199,Madhya Pradesh,7,Damoh,OC,Rahul Singh Lodhi,BJP,65.18%,"7,09,768",Tarbar Singh Lodhi,INC,27.86%,"3,03,342",37.32%,406426
200,,8,Khajuraho,OC,V. D. Sharma,BJP,67.75%,"7,72,774",Kamlesh Kumar,BSP,20.3%,"2,31,545",47.45%,541229
201,Madhya Pradesh,9,Satna,OC,Ganesh Singh,BJP,43.41%,"4,59,728",Siddharth Sukhlal Kushwaha,INC,35.39%,"3,74,779",8.02%,84949
202,Madhya Pradesh,10,Rewa,OC,Janardan Mishra,BJP,52%,"4,77,459",Neelam Abhay Mishra,INC,30.94%,"2,84,085",21.06%,193374
203,,11,Sidhi,OC,Rajesh Mishra,BJP,50.87%,"5,83,559",Kamleshwar Indrajit Kumar,INC,32.87%,"3,77,143",18%,206416
204,,12,Shahdol,ST,Himadri Singh,BJP,61.73%,"7,11,143",Phunde Lal Singh Marko,INC,27.24%,"3,13,803",34.49%,397340
205,Madhya Pradesh,13,Jabalpur,OC,Ashish Dubey,BJP,68.2%,"7,90,133",Dinesh Yadav,INC,26.19%,"3,03,459",42.01%,486674
206,Madhya Pradesh,14,Mandla,ST,Faggan Singh Kulaste,BJP,48.93%,"7,51,375",Omkar Singh Markam,INC,42.17%,"6,47,529",6.76%,103846
207,Madhya Pradesh,15,Balaghat,OC,Bharti Pardhi,BJP,51.56%,"7,12,660",Samrat Ashok Singh Saraswar,INC,38.93%,"5,38,148",12.63%,174512
208,Madhya Pradesh,16,Chhindwara,OC,Bunty Vivek Sahu,BJP,49.41%,"6,44,738",Nakul Nath,INC,40.7%,"5,31,120",8.71%,113618
209,Madhya Pradesh,17,Hoshangabad,OC,Darshan Singh Choudhary,BJP,64.99%,"8,12,147",Sanjay Sharma,INC,30.44%,"3,80,451",34.55%,431696
210,Madhya Pradesh,18,Vidisha,OC,Shivraj Singh Chouhan,BJP,76.7%,"11,16,460",Pratapbhanu Sharma,INC,20.27%,"2,95,052",56.43%,821408
211,,19,Bhopal,OC,Alok Sharma,BJP,65.48%,"9,81,109",Arun Shrivastava,INC,32.01%,"4,79,610",33.47%,501499
212,,20,Rajgarh,OC,Rodmal Nagar,BJP,53.1%,"7,58,743",Digvijaya Singh,INC,42.87%,"6,12,654",10.23%,146089
213,Madhya Pradesh,21,Dewas,SC,Mahendra Singh Solanky,BJP,63.23%,"9,28,941",Rajendra Radhakishan Malviya,INC,34.29%,"5,03,716",28.94%,425225
214,Madhya Pradesh,22,Ujjain,SC,Anil Firojiya,BJP,62.93%,"8,36,104",Mahesh Parmar,INC,34.64%,"4,60,244",28.29%,375860
215,Madhya Pradesh,23,Mandsaur,OC,Sudheer Gupta,BJP,65.98%,"9,45,761",Dilip Singh Gurjar,INC,31.05%,"4,45,106",34.93%,500655
216,Madhya Pradesh,24,Ratlam,ST,Anita Nagarsingh Chouhan,BJP,51.93%,"7,95,863",Kantilal Bhuria,INC,38.41%,"5,88,631",13.52%,207232
217,Madhya Pradesh,25,Dhar,ST,Savitri Thakur,BJP,55.75%,"7,94,449",Radheshyam Muvel,INC,40.4%,"5,75,784",15.35%,218665
218,Madhya Pradesh,26,Indore,OC,Shankar Lalwani,BJP,78.54%,"12,26,751",Sanjay Laxman Solanki,BSP,3.31%,"51, 659",75.23%,"1,175,092"
219,Madhya Pradesh,27,Khargone,ST,Gajendra Singh Patel,BJP,52.6%,"8,19,863",Porlal Batha Kharte,INC,43.93%,"6,84,845",8.67%,135018
220,Madhya Pradesh,28,Khandwa,OC,Gyaneswar Patil,BJP,57.04%,"8,62,679",Narendra Patel,INC,39.19%,"5,92,708",17.85%,269971
221,Madhya Pradesh,29,Betul,ST,Durga Das Uikey,BJP,60.76%,"8,48,236",Ramu Tekam,INC,33.56%,"4,68,475",27.2%,379761
222,Maharashtra,2,Dhule,OC,Bachhav Shobha Dinesh,INC,47.89%,"5,83,866",Subhash Bhamre,BJP,47.57%,"5,80,035",0.32%,"3,831"
223,Maharashtra,3,Jalgaon,OC,Smita Wagh,BJP,57.67%,"6,74,428",Karan Pawar,SS(UBT),36.15%,"4,22,834",21.52%,"251,594"
224,Maharashtra,4,Raver,OC,Raksha Khadse,BJP,53.84%,"6,30,879",Shriram Dayaram Patil,NCP-SP,30.61%,"3,58,696",23.23%,"272,183"
225,Maharashtra,5,Buldhana,OC,Prataprao Ganpatrao Jadhav,SS,31.53%,"3,49,867",Narendra Khedekar,SS(UBT),28.88%,"3,20,388",2.65%,"29,479"
226,Maharashtra,6,Akola,OC,Anup Dhotre,BJP,38.96%,"4,57,030",Abhay Kashinath Patil,INC,35.5%,"4,16,404",3.46%,"40,626"
227,Maharashtra,7,Amravati,SC,Balwant Baswant Wankhade,INC,44.84%,"5,26,271",Navneet Kaur Rana,BJP,43.16%,"5,06,540",1.68%,"19,731"
228,Maharashtra,8,Wardha,OC,Amar Sharadrao Kale,NCP-SP,48.68%,"5,33,106",Ramdas Tadas,BJP,41.23%,"4,51,458",7.45%,"81,648"
229,Maharashtra,9,Ramtek,SC,Shyamkumar Barve,INC,48.94%,"6,13,025",Raju Deonath Parve,SS,42.81%,"5,36,257",6.13%,"76,768"
230,Maharashtra,10,Nagpur,OC,Nitin Gadkari,BJP,54.08%,"6,55,027",Vikas Thakre,INC,42.72%,"5,17,424",11.36%,137603
231,,11,Bhandara-Gondiya,OC,Prashant Yadaorao Padole,INC,47.56%,"5,87,413",Sunil Baburao Mendhe,BJP,44.53%,"5,50,033",3.03%,37380
232,,12,Gadchiroli-Chimur,ST,Kirsan Namdeo,INC,52.97%,"6,17,792",Ashok Mahadeorao Nete,BJP,40.82%,"4,76,096",12.15%,141696
233,Maharashtra,13,Chandrapur,OC,Pratibha Dhanorkar,INC,57.88%,"7,18,410",Sudhir Mungantiwar,BJP,36.9%,"4,58,004",20.98%,260406
234,,14,Yavatmal-Washim,OC,Sanjay Uttamrao Deshmukh,SS(UBT),48.53%,"5,94,807",Rajshritai Hemant Patil,SS,40.83%,"5,00,334",7.7%,94473
235,Maharashtra,15,Hingoli,OC,Nagesh Bapurao Patil Ashtikar,SS(UBT),42.49%,"4,92,535",Baburao Kadam Kohalikar,SS,33.12%,"3,83,933",9.37%,108602
236,Maharashtra,16,Nanded,OC,Vasantrao Balwantrao Chavan,INC,46.88%,"5,28,894",Prataprao Govindrao Chikhalikar,BJP,41.61%,"4,69,452",5.27%,59442
237,Maharashtra,17,Parbhani,OC,Sanjay Jadhav,SS(UBT),45.17%,"6,01,343",Mahadev Jankar,RSPS,35.1%,"4,67,282",10.07%,134061
238,Maharashtra,18,Jalna,OC,Kalyan Vaijinathrao Kale,INC,44.59%,"6,07,897",Raosaheb Dadarao Danve,BJP,36.52%,"4,97,939",8.07%,109958
239,Maharashtra,19,Aurangabad,OC,Sandipanrao Bhumre,SS,36.56%,"4,76,130",Imtiyaz Jaleel,AIMIM,26.22%,"3,41,480",10.34%,134650
240,Maharashtra,20,Dindori,ST,Bhaskar Murlidhar Bhagare,NCP-SP,46.53%,"5,77,339",Bharati Pawar,BJP,37.4%,"4,64,140",9.13%,113199
241,Maharashtra,21,Nashik,OC,Rajabhau Waje,SS(UBT),49.85%,"6,16,729",Hemant Tukaram Godse,SS,36.75%,"4,54,728",13.1%,162001
242,Maharashtra,22,Palghar,ST,Hemant Vishnu Savara,BJP,43.69%,"6,01,244",Bharti Bharat Kamdi,SS(UBT),30.37%,"4,17,938",13.32%,183306
243,Maharashtra,23,Bhiwandi,OC,Suresh Mhatre,NCP-SP,39.85%,"4,99,464",Kapil Moreshwar Patil,BJP,34.57%,"4,33,343",5.28%,66121
244,Maharashtra,24,Kalyan,OC,Shrikant Shinde,SS,56.38%,"5,89,636",Vaishali Darekar,SS(UBT),36.39%,"3,80,492",19.99%,209144
245,Maharashtra,25,Thane,OC,Naresh Mhaske,SS,56.09%,"7,34,231",Rajan Vichare,SS(UBT),39.51%,"5,17,220",16.58%,217011
246,Maharashtra,26,Mumbai North,OC,Piyush Goyal,BJP,65.68%,"6,80,146",Bhushan Patil,INC,31.15%,"3,22,538",34.53%,357608
247,Maharashtra,27,Mumbai North West,OC,Ravindra Waikar,SS,47.400%,"4,52,644",Amol Kirtikar,SS(UBT),47.395%,"4,52,596",0.005%,48
248,Maharashtra,28,Mumbai North East,OC,Sanjay Dina Patil,SS(UBT),48.67%,"4,50,937",Mihir Kotecha,BJP,45.45%,"4,21,076",3.22%,29861
249,Maharashtra,29,Mumbai North Central,OC,Varsha Gaikwad,INC,48.93%,"4,45,545",Ujjwal Nikam,BJP,47.12%,"4,29,031",1.81%,16514
250,Maharashtra,30,Mumbai South Central,OC,Anil Desai,SS(UBT),49.73%,"3,95,138",Rahul Ramesh Shewale,SS,43.01%,"3,41,754",6.72%,53384
251,Maharashtra,31,Mumbai South,OC,Arvind Sawant,SS(UBT),51.18%,"3,95,655",Yamini Jadhav,SS,44.36%,"3,42,982",6.82%,52673
252,Maharashtra,32,Raigad,OC,Sunil Tatkare,NCP,50.17%,"5,08,352",Anant Geete,SS(UBT),42%,"4,25,568",8.17%,82784
253,Maharashtra,33,Maval,OC,Shrirang Barne,SS,48.81%,"6,92,832",Sanjog Bhiku Waghere Patil,SS(UBT),42%,"5,96,217",7,96615
254,Maharashtra,34,Pune,OC,Murlidhar Mohol,BJP,52.94%,"5,84,728",Ravindra Hemraj Dhangekar,INC,41.8%,"4,61,690",11.14%,123038
255,Maharashtra,35,Baramati,OC,Supriya Sule,NCP-SP,51.85%,"7,32,312",Sunetra Pawar,NCP,40.64%,"5,73,979",11.21%,158333
256,Maharashtra,36,Shirur,OC,Amol Kolhe,NCP-SP,50.83%,"6,98,692",Shivajirao Adhalarao Patil,NCP,40.58%,"5,57,741",10.25%,140951
257,Maharashtra,37,Ahmednagar,OC,Nilesh Dnyandev Lanke,NCP-SP,47.14%,"6,24,797",Sujay Vikhe Patil,BJP,44.95%,"5,95,868",2.19%,28929
258,Maharashtra,38,Shirdi,SC,Bhausaheb Rajaram Wakchaure,SS(UBT),45%,"4,76,900",Sadashiv Lokhande,SS,40.23%,"4,26,371",4.77%,50529
259,Maharashtra,39,Beed,OC,Bajrang Manohar Sonwane,NCP-SP,44.5%,"6,83,950",Pankaja Munde,BJP,44.93%,"6,77,397",0.43%,6553
260,Maharashtra,40,Osmanabad,OC,Omprakash Rajenimbalkar,SS(UBT),58.45%,"7,48,752",Archana Patil,NCP,32.7%,"4,18,906",25.75%,329846
261,Maharashtra,41,Latur,SC,Kalge Shivaji Bandappa,INC,49.15%,"6,09,021",Sudhakar Tukaram Shrangare,BJP,44.16%,"5,47,140",4.99%,61881
262,Maharashtra,42,Solapur,SC,Praniti Shinde,INC,51.49%,"6,20,225",Ram Satpute,BJP,45.33%,"5,46,028",6.16%,74197
263,Maharashtra,43,Madha,OC,Dhairyasheel Patil,NCP-SP,48.86%,"6,22,213",Ranjit Naik-Nimbalkar,BJP,39.37%,"5,01,376",9.49%,120837
264,Maharashtra,44,Sangli,OC,Vishal Prakashbapu Patil,Independent,48.91%,"5,71,666",Sanjay Patil,BJP,40.35%,"4,71,613",8.56%,100053
265,Maharashtra,45,Satara,OC,Shrimant Chhatrapati Udayanraje Pratapsinhmaharaj Bhonsle,BJP,47.67%,"5,71,134",Shashikant Shinde,NCP-SP,44.94%,"5,38,363",2.73%,32771
266,,46,Ratnagiri-Sindhudurg,OC,Narayan Rane,BJP,49.07%,"4,48,514",Vinayak Raut,SS(UBT),43.83%,"4,00,656",5.24%,47858
267,Maharashtra,47,Kolhapur,OC,Chhatrapati Shahuji Maharaj,INC,54.15%,"7,54,522",Sanjay Mandlik,SS,43.03%,"5,99,558",11.12%,154964
268,Maharashtra,48,Hatkanangle,OC,Dhairyasheel Sambhajirao Mane,SS,40.14%,"5,20,190",Satyajeet Patil,SS(UBT),39.1%,"5,06,764",1.04%,13426
269,Manipur,2,Outer Manipur,ST,Alfred Kan-Ngam Arthur,INC,48.32%,"3,84,954",Kachui Timothy Zimik,NPF,37.6%,"2,99,536",11,85418
270,Meghalaya,2,Tura,ST,Saleng A. Sangma,INC,56.96%,"3,83,919",Agatha Sangma,NPP,33.93%,"2,28,678",23.03%,155241
271,Odisha,2,Sundargarh,ST,Jual Oram,BJP,42.77%,"4,94,282",Dilip Kumar Tirkey,BJD,30.76%,"3,55,474",12.01%,138808
272,Odisha,3,Sambalpur,OC,Dharmendra Pradhan,BJP,49.48%,"5,92,162",Pranab Prakash Das,BJD,39.47%,"4,72,326",10.01%,119836
273,Odisha,4,Keonjhar,ST,Ananta Nayak,BJP,45.67%,"5,73,923",Dhanurjaya Sidu,BJD,37.95%,"4,76,881",7.72%,97042
274,Odisha,5,Mayurbhanj,ST,Naba Charan Majhi,BJP,49.91%,"5,85,971",Sudam Marndi,BJD,31.23%,"3,66,637",18.68%,219334
275,Odisha,6,Balasore,OC,Pratap Chandra Sarangi,BJP,45.49%,"5,63,865",Lekhasri Samantsinghar,BJD,33.62%,"4,16,709",11.87%,147156
276,Odisha,7,Bhadrak,SC,Avimanyu Sethi,BJP,44.19%,"5,73,319",Manjulata Mandal,BJD,37.13%,"4,81,775",7.06%,91544
277,Odisha,8,Jajpur,SC,Rabindra Narayan Behera,BJP,46.01%,"5,34,239",Sarmistha Sethi,BJD,45.87%,"5,32,652",0.14%,1587
278,Odisha,9,Dhenkanal,OC,Rudra Narayan Pany,BJP,50.24%,"5,98,721",Abinash Samal,BJD,43.82%,"5,22,154",6.42%,76567
279,Odisha,10,Bolangir,OC,Sangeeta Kumari Singh Deo,BJP,44.12%,"6,17,744",Surendra Singh Bhoi,BJD,34.64%,"4,85,080",9.48%,132664
280,Odisha,11,Kalahandi,OC,Malvika Devi,BJP,40.79%,"5,44,303",Lambodar Nial,BJD,30.77%,"4,10,490",10.02%,133813
281,Odisha,12,Nabarangpur,ST,Balabhadra Majhi,BJP,38.74%,"4,81,396",Pradeep Kumar Majhi,BJD,31.7%,"3,93,860",7.04%,87536
282,Odisha,13,Kandhamal,OC,Sukanta Kumar Panigrahi,BJP,41.8%,"4,16,415",Achyutananda Samanta,BJD,39.66%,"3,95,044",2.14%,21371
283,Odisha,14,Cuttack,OC,Bhartruhari Mahtab,BJP,47.43%,"5,31,601",Santrupt Misra,BJD,42.34%,"4,74,524",5.09%,57077
284,Odisha,15,Kendrapara,OC,Baijayant Panda,BJP,48.21%,"6,15,705",Anshuman Mohanty,BJD,43%,"5,49,169",5.21%,66536
285,Odisha,16,Jagatsinghpur,SC,Bibhu Prasad Tarai,BJP,45.8%,"5,89,093",Rajashree Mallick,BJD,42.63%,"5,48,397",3.17%,40696
286,Odisha,17,Puri,OC,Sambit Patra,BJP,52.58%,"6,29,330",Arup Patnaik,BJD,43.83%,"5,24,621",8.75%,104709
287,Odisha,18,Bhubaneswar,OC,Aparajita Sarangi,BJP,47.36%,"5,12,519",Manmath Kumar Routray,BJD,44.11%,"4,77,367",3.25%,35152
288,Odisha,19,Aska,OC,Anita Subhadarshini,BJP,48.55%,"4,94,226",Ranjita Sahu,BJD,38.73%,"3,94,252",9.82%,99974
289,Odisha,20,Berhampur,OC,Pradeep Kumar Panigrahy,BJP,49.2%,"5,13,102",Bhrugu Baxipatra,BJD,33.33%,"3,47,626",15.87%,165476
290,Odisha,21,Koraput,ST,Saptagiri Sankar Ulaka,INC,41.03%,"4,71,393",Kausalya Hikaka,BJD,28.17%,"3,23,649",12.86%,147744
291,Punjab,2,Amritsar,OC,Gurjeet Singh Aujla,INC,28.18%,"2,55,181",Kuldeep Singh Dhaliwal,AAP,23.73%,"2,14,880",4.45%,"40,301"
292,Punjab,3,Khadoor Sahib,OC,Amritpal Singh,Independent,38.62%,"4,04,430",Kulbir Singh Zira,INC,19.80%,"2,07,310",18.82%,"1,97,120"
293,Punjab,4,Jalandhar,SC,Charanjit Singh Channi,INC,39.43%,"3,90,053",Sushil Kumar Rinku,BJP,21.64%,"2,14,060",17.79%,"1,75,993"
294,Punjab,5,Hoshiarpur,SC,Raj Kumar Chabbewal,AAP,32.04%,"3,03,859",Yamini Gomar,INC,27.39%,"2,59,748",4.65%,"44,111"
295,Punjab,6,Anandpur Sahib,OC,Malvinder Singh Kang,AAP,29.08%,"3,13,217",Vijay Inder Singla,INC,28.07%,"3,02,371",1.01%,"10,846"
296,Punjab,7,Ludhiana,OC,Amrinder Singh Raja Warring,INC,30.42%,"3,22,224",Ravneet Singh Bittu,BJP,28.45%,"3,01,282",1.98%,"20,942"
297,Punjab,8,Fatehgarh Sahib,SC,Amar Singh,INC,34.14%,"3,32,591",Gurpreet Singh GP,AAP,30.63%,"2,98,389",3.51%,"34,202"
298,Punjab,9,Faridkot,SC,Sarabjeet Singh Khalsa,Independent,29.38%,"2,98,062",Karamjit Anmol,AAP,22.48%,"2,28,009",6.91%,"70,053"
299,,10,Ferozpur,OC,Sher Singh Ghubaya,INC,23.70%,"2,66,626",Jagdeep Singh Kaka Brar,AAP,23.41%,"2,63,384",0.29%,"3,242"
300,Punjab,11,Bathinda,OC,Harsimrat Kaur Badal,SAD,32.71%,"3,76,558",Gurmeet Singh Khuddian,AAP,28.40%,"3,26,902",4.31%,"49,656"
301,Punjab,12,Sangrur,OC,Gurmeet Singh Meet Hayer,AAP,36.06%,"3,64,085",Sukhpal Singh Khaira,INC,18.97%,"1,91,525",17.09%,"1,72,560"
302,Punjab,13,Patiala,OC,Dharamvira Gandhi,INC,26.54%,"3,05,616",Balbir Singh,AAP,25.25%,"2,90,785",1.29%,"14,831"
303,Rajasthan,2,Bikaner,SC,Arjun Ram Meghwal,BJP,50.68%,"5,66,737",Govind Ram Meghwal,INC,45.67%,"5,11,026",5.01%,"55,711"
304,Rajasthan,3,Churu,OC,Rahul Kaswan,INC,51.12%,"7,28,211",Devendra Jhajharia,BJP,46.01%,"6,55,474",5,"72,737"
305,Rajasthan,4,Jhunjhunu,OC,Brijendra Singh Ola,INC,49.44%,"5,53,168",Shubhkaran Choudhary,BJP,47.81%,"5,34,933",1.63%,"18,235"
306,Rajasthan,5,Sikar,OC,Amra Ram,CPI(M),50.68%,"6,59,300",Sumedhanand Saraswati,BJP,45.08%,"5,86,404",5.60%,"72,896"
307,Rajasthan,6,Jaipur Rural,OC,Rao Rajendra Singh,BJP,48.96%,"6,17,877",Anil Chopra,INC,48.83%,"6,16,262",0.13%,1615
308,Rajasthan,7,Jaipur,OC,Manju Sharma,BJP,60.61%,"8,86,850",Pratap Singh Khachariyawas,INC,37.93%,"5,55,083",22.68%,331767
309,Rajasthan,8,Alwar,OC,Bhupender Yadav,BJP,50.42%,"6,31,992",Lalit Yadav,INC,46.57%,"5,83,710",3.85%,48282
310,Rajasthan,9,Bharatpur,SC,Sanjana Jatav,INC,51.18%,"5,79,890",Ramswaroop Koli,BJP,46.59%,"5,27,907",4.59%,51983
311,Rajasthan,10,Karauli–Dholpur,SC,Bhajan Lal Jatav,INC,53.64%,"5,30,011",Indu Devi,BJP,43.62%,"4,31,066",10.02%,98945
312,Rajasthan,11,Dausa,ST,Murari Lal Meena,INC,60.24%,"6,46,266",Kanhaiya Lal Meena,BJP,38.12%,"4,08,926",22.12%,237340
313,Rajasthan,12,Tonk–Sawai Madhopur,OC,Harish Chandra Meena,INC,50.85%,"6,23,763",Sukhbir Singh Jaunapuria,BJP,45.56%,"5,58,814",5.29%,64949
314,Rajasthan,13,Ajmer,OC,Bhagirath Choudhary,BJP,62.23%,"7,47,462",Ramchandra Choudhary,INC,34.76%,"4,17,471",27.47%,329991
315,Rajasthan,14,Nagaur,OC,Hanuman Beniwal,RLP,48.20%,"5,96,955",Jyoti Mirdha,BJP,44.79%,"5,54,730",3.41%,"42,225"
316,Rajasthan,15,Pali,OC,P. P. Chaudhary,BJP,55.94%,"7,57,389",Sangeeta Beniwal,INC,37.82%,"5,12,038",18.12%,245351
317,Rajasthan,16,Jodhpur,OC,Gajendra Singh Shekhawat,BJP,52.76%,"7,30,056",Karan Singh Unchiyarda,INC,44.4%,"6,14,379",8.36%,115677
318,Rajasthan,17,Barmer,OC,Ummeda Ram Beniwal,INC,41.74%,"7,04,676",Ravindra Singh Bhati,Independent,34.74%,"5,86,500",7%,118176
319,Rajasthan,18,Jalore,SC,Lumbaram Choudhary,BJP,54.91%,"7,96,783",Vaibhav Gehlot,INC,41.02%,"5,95,240",13.89%,201543
320,Rajasthan,19,Udaipur,ST,Manna Lal Rawat,BJP,49.27%,"7,38,286",Tarachand Meena,INC,31.81%,"4,76,678",17.46%,261608
321,Rajasthan,20,Banswara,ST,Rajkumar Roat,BAP,50.15%,"8,20,831",Mahendrajeet Singh Malviya,BJP,35.05%,"5,73,777",15.1%,247054
322,Rajasthan,21,Chittorgarh,OC,Chandra Prakash Joshi,BJP,59.26%,"8,88,202",Udailal Anjana,INC,33.25%,"4,98,325",26.01%,389877
323,Rajasthan,22,Rajsamand,OC,Mahima Kumari Mewar,BJP,64.4%,"7,81,203",Damodar Gurjar,INC,32.06%,"3,88,980",32.34%,392223
324,Rajasthan,23,Bhilwara,OC,Damodar Agarwal,BJP,61.92%,"8,07,640",C. P. Joshi,INC,34.73%,"4,53,034",27.19%,354606
325,Rajasthan,24,Kota,OC,Om Birla,BJP,50.03%,"7,50,496",Prahlad Gunjal,INC,47.23%,"7,08,522",2.8%,41974
326,Rajasthan,25,Jhalawar–Baran,OC,Dushyant Singh,BJP,60.88%,"8,65,376",Urmila Jain,INC,34.78%,"4,94,387",26.1%,370989
327,Tamil Nadu,2,Chennai North,OC,Kalanidhi Veeraswamy,DMK,55.11%,"4,97,333",R. Manohar,AIADMK,17.52%,"1,58,111",37.59%,339222
328,Tamil Nadu,3,Chennai South,OC,Thamizhachi Thangapandian,DMK,47%,"5,16,628",Tamilisai Soundararajan,BJP,26.44%,"2,90,683",20.56%,225945
329,Tamil Nadu,4,Chennai Central,OC,Dayanidhi Maran,DMK,56.65%,"4,13,848",Vinoj,BJP,23.16%,"1,69,159",33.49%,244689
330,Tamil Nadu,5,Sriperumbudur,OC,T. R. Baalu,DMK,52.65%,"7,58,611",G. Premkumar,AIADMK,18.85%,"2,71,582",33.8%,487029
331,Tamil Nadu,6,Kancheepuram,SC,G. Selvam,DMK,46.53%,"5,86,044",Rajasekar E.,AIADMK,28.94%,"3,64,571",17.59%,221473
332,Tamil Nadu,7,Arakkonam,SC,S. Jagathrakshakan,DMK,48.39%,"5,63,216",L. Vijayan,AIADMK,22.05%,"2,56,657",26.34%,306559
333,Tamil Nadu,8,Vellore,SC,Kathir Anand,DMK,50.35%,"5,68,692",A. C. Shanmugam,BJP,31.25%,"3,52,990",19.1%,215702
334,Tamil Nadu,9,Krishnagiri,OC,K. Gopinath,INC,42.27%,"4,92,883",V. Jayaprakash,AIADMK,25.76%,"3,00,397",16.51%,192486
335,Tamil Nadu,10,Dharmapuri,OC,A. Mani,DMK,34.67%,"4,32,667",Sowmiya Anbumani,PMK,32.97%,"4,11,367",1.7%,21300
336,Tamil Nadu,11,Tiruvannamalai,OC,C. N. Annadurai,DMK,47.75%,"5,47,379",M. Kaliyaperumal,AIADMK,27.34%,"3,13,448",20.41%,233931
337,Tamil Nadu,12,Arani,OC,M.S. Tharanivendhan,DMK,43.86%,"5,00,099",G. V. Gajendran,AIADMK,25.55%,"2,91,333",18.31%,208766
338,Tamil Nadu,13,Villupuram,OC,D. Ravikumar,VCK,41.39%,"4,77,033",J. Bhagyaraj,AIADMK,35.25%,"4,06,330",6.14%,70703
339,Tamil Nadu,14,Kallakurichi,OC,Malaiyarasan D,DMK,44.94%,"5,61,589",R. Kumaraguru,AIADMK,40.64%,"5,07,805",4.3%,53784
340,Tamil Nadu,15,Salem,OC,T. M. Selvaganapathi,DMK,43.38%,"5,66,085",P. Vignesh,AIADMK,37.99%,"4,95,728",5.39%,70357
341,Tamil Nadu,16,Namakkal,OC,V. S. Matheswaran,DMK,40.31%,"4,62,036",S. Tamilmani,AIADMK,37.77%,"4,32,924",2.54%,29112
342,Tamil Nadu,17,Erode,OC,K. E. Prakash,DMK,51.43%,"5,62,339",Ashok Kumar,AIADMK,29.79%,"3,25,773",21.64%,236566
343,Tamil Nadu,18,Tiruppur,OC,K. Subbarayan,CPI,41.38%,"4,72,739",P. Arunachalam,AIADMK,30.35%,"3,46,811",11.03%,125928
344,Tamil Nadu,19,Nilgiris,OC,A. Raja,DMK,46.44%,"4,73,212",L. Murugan,BJP,22.83%,"2,32,627",23.61%,240585
345,Tamil Nadu,20,Coimbatore,OC,Ganapathi P. Rajkumar,DMK,41.39%,"5,68,200",K. Annamalai [ta],BJP,32.79%,"4,50,132",8.6%,118068
346,Tamil Nadu,21,Pollachi,OC,Eswarasamy,DMK,47.37%,"5,33,377",A. Karthikeyan,AIADMK,24.98%,"2,81,335",22.39%,252042
347,Tamil Nadu,22,Dindigul,OC,R. Sachidanandam,CPI(M),58.29%,"6,70,149",M. A. Mohamed Mubarak,AIADMK,19.69%,"2,26,328",38.6%,443821
348,Tamil Nadu,23,Karur,OC,Jothimani,INC,47.25%,"5,34,906",L. Thangavel,AIADMK,32.52%,"3,68,090",14.73%,166816
349,Tamil Nadu,24,Tiruchirappalli,OC,Durai Vaiko,MDMK,51.35%,"5,42,213",P. Karuppaiah,AIADMK,21.7%,"2,29,119",29.65%,313094
350,Tamil Nadu,25,Perambalur,OC,Arun Nehru,DMK,53.42%,"6,03,209",N. D. Chandramohan,AIADMK,18.96%,"2,14,102",34.46%,389107
351,Tamil Nadu,26,Cuddalore,OC,M. K. Vishnu Prasad,INC,44.11%,"4,55,053",P. Sivakozhundu,DMDK,26.09%,"2,69,157",18.02%,185896
352,Tamil Nadu,27,Chidambaram,SC,Thol. Thirumavalavan,VCK,43.28%,"5,05,084",M. Chandrahasan,AIADMK,34.4%,"4,01,530",8.88%,103554
353,,28,Mayiladuthurai,OC,Sudha Ramakrishnan,INC,47.67%,"5,18,459",P. Babu,AIADMK,22.73%,"2,47,276",24.94%,271183
354,Tamil Nadu,29,Nagapattinam,SC,V. Selvaraj,CPI,47.79%,"4,65,044",G. Sursith Sankar,AIADMK,26.49%,"2,56,087",21.3%,208957
355,Tamil Nadu,30,Thanjavur,SC,S. Murasoli,DMK,48.82%,"5,02,245",P. Sivanesan,DMDK,17.76%,"1,82,662",31.06%,319583
356,Tamil Nadu,31,Sivaganga,OC,Karti Chidambaram,INC,40.6%,"4,27,677",A. Xavierdass,AIADMK,21.08%,"2,22,013",19.52%,205664
357,Tamil Nadu,32,Madurai,OC,S. Venkatesan,CPI(M),43.6%,"4,30,323",Raama Sreenivasan,BJP,22.38%,"2,20,914",21.22%,209409
358,Tamil Nadu,33,Theni,OC,Thanga Tamil Selvan,DMK,50.08%,"5,71,493",T. T. V. Dhinakaran,AMMK,25.65%,"2,92,668",24.43%,278825
359,Tamil Nadu,34,Virudhunagar,OC,Manickam Tagore,INC,36.28%,"3,85,256",V. Vijayaprabhakaran,DMDK,35.87%,"3,80,877",0.41%,4379
360,Tamil Nadu,35,Ramanathapuram,OC,Kani K. Navas,IUML,45.92%,"5,09,664",O. Paneerselvam,Independent,30.89%,"3,42,882",15.03%,166782
361,,36,Thoothukudi,OC,Kanimozhi,DMK,55.26%,"5,40,729",R. Velumany Sivasamy,AIADMK,15.12%,"1,47,991",40.14%,392738
362,Tamil Nadu,37,Tenkasi,OC,Rani Srikumar,DMK,40.97%,"4,25,679",K. Krishnasamy,AIADMK,22.08%,"2,29,480",18.89%,196199
363,Tamil Nadu,38,Tirunelveli,OC,C. Robert Bruce,INC,47.06%,"5,02,296",Nainar Nagenthran,BJP,31.54%,"3,36,676",15.52%,165620
364,Tamil Nadu,39,Kanniyakumari,OC,Vijay Vasanth,INC,53.08%,"5,46,248",Pon Radhakrishnan,BJP,35.6%,"3,66,341",17.48%,179907
365,,2,Peddapalli,SC,Vamsi Krishna Gaddam,INC,43.42%,"4,75,587",Srinivas Gomase,BJP,31.43%,"3,44,223",11.99%,131364
366,Telangana,3,Karimnagar,OC,Bandi Sanjay Kumar,BJP,44.57%,"5,85,116",Velchala Rajender Rao,INC,27.41%,"3,59,907",17.16%,225209
367,Telangana,4,Nizamabad,OC,Arvind Dharmapuri,BJP,48.02%,"5,92,318",T. Jeevan Reddy,INC,39.16%,"4,83,077",8.86%,109241
368,Telangana,5,Zahirabad,OC,Suresh Kumar Shetkar,INC,42.73%,"5,28,418",B. B. Patil,BJP,39%,"4,82,230",3.73%,46188
369,Telangana,6,Medak,OC,Raghunandan Rao,BJP,33.99%,"4,71,217",Neelam Madhu,INC,31.17%,"4,32,078",2.82%,39139
370,Telangana,7,Malkajgiri,OC,Etela Rajender,BJP,51.25%,"9,91,042",Patnam Suneetha Mahender Reddy,INC,31%,"5,99,567",20.25%,391475
371,Telangana,8,Secunderabad,OC,G. Kishan Reddy,BJP,45.15%,"4,73,012",Danam Nagender,INC,40.38%,"4,23,068",4.77%,49944
372,Telangana,9,Hyderabad,OC,Asaduddin Owaisi,AIMIM,61.28%,"6,61,981",Kompella Madhavi Latha,BJP,29.98%,"3,23,894",31.3%,338087
373,Telangana,10,Chevella,OC,Konda Vishweshwar Reddy,BJP,48.34%,"8,09,882",G. Ranjith Reddy,INC,38.02%,"6,36,985",10.32%,172897
374,Telangana,11,Mahbubnagar,OC,D. K. Aruna,BJP,41.66%,"5,10,747",Challa Vamshi Chand Reddy,INC,41.29%,"5,06,247",0.37%,4500
375,Telangana,12,Nagarkurnool,SC,Mallu Ravi,INC,38.14%,"4,65,072",Bharath Prasad Pothuganti,BJP,30.4%,"3,70,658",7.74%,94414
376,Telangana,13,Nalgonda,OC,Kunduru Raghuveer,INC,60.5%,"7,84,337",Shanampudi Saidireddy,BJP,17.31%,"2,24,432",43.19%,559905
377,Telangana,14,Bhongir,OC,Chamala Kiran Kumar Reddy,INC,44.89%,"6,29,143",Boora Narsaiah Goud,BJP,29.04%,"4,06,973",15.85%,222170
378,Telangana,15,Warangal,SC,Kadiyam Kavya,INC,45.85%,"5,81,294",Aroori Ramesh,BJP,28.47%,"3,60,955",17.38%,220339
379,Telangana,16,Mahabubabad,ST,Balram Naik Porika,INC,55.27%,"6,12,774",Kavitha Maloth,BRS,23.77%,"2,63,609",31.5%,349165
380,Telangana,17,Khammam,OC,Ramasahayam Raghuram Reddy,INC,61.29%,"7,66,929",Nama Nageswara Rao,BRS,23.9%,"2,99,082",37.39%,467847
381,Tripura,2,Tripura East,ST,Kriti Devi Debbarman,BJP,68.54%,"7,77,447",Rajendra Reang,CPI(M),25.62%,"2,90,628",42.92%,486819
382,Uttar Pradesh,2,Kairana,OC,Iqra Choudhary,SP,48.9%,"5,28,013",Pradeep Choudhary,BJP,42.5%,"4,58,897",6.4%,69116
383,Uttar Pradesh,3,Muzaffarnagar,OC,Harendra Singh Malik,SP,43.64%,"4,70,721",Sanjeev Kumar Balyan,BJP,41.35%,"4,46,049",2.29%,24672
384,Uttar Pradesh,4,Bijnor,OC,Chandan Chauhan,RLD,39.48%,"4,04,493",Deepak,SP,35.82%,"3,66,985",3.66%,37508
385,Uttar Pradesh,5,Nagina,SC,Chandrashekhar,ASP(KR),51.19%,"5,12,552",Om Kumar,BJP,36.06%,"3,61,079",15.13%,151473
386,Uttar Pradesh,6,Moradabad,OC,Ruchi Vira,SP,49.67%,"6,37,363",Kunwar Sarvesh Kumar Singh,BJP,41.43%,"5,31,601",8.24%,105762
387,Uttar Pradesh,7,Rampur,OC,Mohibbullah,SP,49.74%,"4,81,503",Ghanshyam Singh Lodhi,BJP,40.71%,"3,94,069",9.03%,87434
388,Uttar Pradesh,8,Sambhal,OC,Zia ur Rahman Barq,SP,47.8%,"5,71,161",Parmeshwar Lal Saini,BJP,37.63%,"4,49,667",10.17%,121494
389,Uttar Pradesh,9,Amroha,OC,Kanwar Singh Tanwar,BJP,42.9%,"4,76,506",Kunwar Danish Ali,INC,40.32%,"4,47,836",2.58%,28670
390,Uttar Pradesh,10,Meerut,OC,Arun Govil,BJP,46.21%,"5,46,469",Sunita Verma,SP,45.32%,"5,35,884",0.89%,10585
391,Uttar Pradesh,11,Baghpat,OC,Rajkumar Sangwan,RLD,52.36%,"4,88,967",Amarpal Sharma,SP,35.29%,"3,29,508",17.07%,159459
392,Uttar Pradesh,12,Ghaziabad,OC,Atul Garg,BJP,58.09%,"8,54,170",Dolly Sharma,INC,35.17%,"5,17,205",22.92%,336965
393,,13,Gautam Buddh Nagar,OC,Mahesh Sharma,BJP,59.69%,"8,57,829",Mahendra Singh Nagar,SP,20.76%,"2,98,357",38.93%,559472
394,Uttar Pradesh,14,Bulandshahr,SC,Bhola Singh,BJP,56.65%,"5,97,310",Shivram,INC,30.56%,"3,22,176",26.09%,275134
395,Uttar Pradesh,15,Aligarh,OC,Satish Kumar Gautam,BJP,44.28%,"5,01,834",Bijendra Singh,SP,42.9%,"4,86,187",1.38%,15647
396,Uttar Pradesh,16,Hathras,SC,Anoop Pradhan,BJP,51.24%,"5,54,746",Jasveer Valmiki,SP,28.39%,"3,07,428",22.85%,247318
397,Uttar Pradesh,17,Mathura,OC,Hema Malini,BJP,53.3%,"5,10,064",Mukesh Dhangar,INC,22.64%,"2,16,657",30.66%,293407
398,Uttar Pradesh,18,Agra,SC,S. P. Singh Baghel,BJP,53.34%,"5,99,397",Suresh Chand Kardam,SP,29.2%,"3,28,103",24.14%,271294
399,Uttar Pradesh,19,Fatehpur Sikri,OC,Rajkumar Chahar,BJP,43.09%,"4,45,657",Ramnath Singh Sikarwar,INC,38.9%,"4,02,252",4.19%,43405
400,Uttar Pradesh,20,Firozabad,OC,Akshay Yadav,SP,49.04%,"5,43,037",Vishwadeep Singh,BJP,40.98%,"4,53,725",8.06%,89312
401,Uttar Pradesh,21,Mainpuri,OC,Dimple Yadav,SP,56.79%,"5,98,526",Jaiveer Singh,BJP,35.76%,"3,76,887",21.03%,221639
402,Uttar Pradesh,22,Etah,OC,Devesh Shakya,SP,47.09%,"4,75,808",Rajveer Singh,BJP,44.32%,"4,47,756",2.77%,28052
403,Uttar Pradesh,23,Badaun,OC,Aditya Yadav,SP,45.97%,"5,01,855",Durvijay Singh Shakya,BJP,42.76%,"4,66,864",3.21%,34991
404,Uttar Pradesh,24,Aonla,OC,Neeraj Maurya,SP,45.23%,"4,92,515",Dharmendra Kashyap,BJP,43.76%,"4,76,546",1.47%,15969
405,Uttar Pradesh,25,Bareilly,OC,Chhatrapal Singh Gangwar,BJP,50.66%,"5,67,127",Praveen Singh Aron,SP,47.55%,"5,32,323",3.11%,34804
406,Uttar Pradesh,26,Pilibhit,OC,Jitin Prasad,BJP,52.3%,"6,07,158",Bhagwat Saran Gangwar,SP,38.09%,"4,42,223",14.21%,164935
407,Uttar Pradesh,27,Shahjahanpur,SC,Arun Kumar Sagar,BJP,47.5%,"5,92,718",Jyotsna Gond,SP,43.06%,"5,37,339",4.44%,55379
408,Uttar Pradesh,28,Kheri,OC,Utkarsh Verma,SP,45.94%,"5,57,365",Ajay Mishra Teni,BJP,43.11%,"5,23,036",2.83%,34329
409,Uttar Pradesh,29,Dhaurahra,OC,Anand Bhadauriya,SP,39.91%,"4,43,743",Rekha Verma,BJP,39.51%,"4,39,294",0.4%,4449
410,Uttar Pradesh,30,Sitapur,OC,Rakesh Rathore,INC,48.2%,"5,31,138",Rajesh Verma (politician),BJP,40.06%,"4,41,497",8.14%,89641
411,Uttar Pradesh,31,Hardoi,SC,Jai Prakash,BJP,44.25%,"4,86,798",Usha Verma,SP,41.72%,"4,58,942",2.53%,27856
412,Uttar Pradesh,32,Misrikh,SC,Ashok Kumar Rawat,BJP,45.15%,"4,75,016",Sangita Rajvanshi,SP,41.98%,"4,41,610",3.17%,33406
413,Uttar Pradesh,33,Unnao,OC,Sakshi Maharaj,BJP,47.31%,"6,16,133",Annu Tandon,SP,44.56%,"5,80,315",2.75%,35818
414,Uttar Pradesh,34,Mohanlalganj,SC,R. K. Chaudhary,SP,48.49%,"6,67,869",Kaushal Kishore,BJP,43.38%,"5,97,577",5.11%,70292
415,Uttar Pradesh,35,Lucknow,OC,Rajnath Singh,BJP,53.89%,"6,12,709",Ravidas Mehrotra,SP,42%,"4,77,550",11.89%,135159
416,Uttar Pradesh,36,Rae Bareli,OC,Rahul Gandhi,INC,66.17%,"6,87,649",Dinesh Pratap Singh,BJP,28.64%,"2,97,619",37.53%,390030
417,Uttar Pradesh,37,Amethi,OC,Kishori Lal Sharma,INC,54.99%,"5,39,228",Smriti Irani,BJP,37.94%,"3,72,032",17.05%,167196
418,Uttar Pradesh,38,Sultanpur,OC,Rambhual Nishad,SP,43%,"4,44,330",Maneka Gandhi,BJP,38.82%,"4,01,156",4.18%,43174
419,Uttar Pradesh,39,Pratapgarh,OC,Shiv Pal Singh Patel,SP,46.65%,"4,41,932",Sangam Lal Gupta,BJP,39.66%,"3,75,726",6.99%,66206
420,Uttar Pradesh,40,Farrukhabad,OC,Mukesh Rajput,BJP,47.2%,"4,87,963",Naval Kishore Shakya,SP,46.94%,"4,85,285",0.26%,2678
421,Uttar Pradesh,41,Etawah,SC,Jitendra Kumar Dohare,SP,47.47%,"4,90,747",Ram Shankar Katheria,BJP,41.82%,"4,32,328",5.65%,58419
422,Uttar Pradesh,42,Kannauj,OC,Akhilesh Yadav,SP,52.74%,"6,42,292",Subrat Pathak,BJP,38.71%,"4,71,370",14.03%,170922
423,,43,Kanpur Urban,OC,Ramesh Awasthi,BJP,49.93%,"4,43,055",Alok Mishra,INC,47.56%,"4,22,087",2.37%,20968
424,Uttar Pradesh,44,Akbarpur,OC,Devendra Singh,BJP,47.6%,"5,17,423",Raja Ram Pal,SP,43.52%,"4,73,078",4.08%,44345
425,Uttar Pradesh,45,Jalaun,SC,Narayan Das Ahirwar,SP,46.96%,"5,30,180",Bhanu Pratap Singh Verma,BJP,42.19%,"4,76,282",4.77%,53898
426,Uttar Pradesh,46,Jhansi,OC,Anurag Sharma,BJP,50%,"6,90,316",Pradeep Jain Aditya,INC,42.57%,"5,87,702",7.43%,102614
427,Uttar Pradesh,47,Hamirpur,OC,Ajendra Singh Lodhi,SP,44%,"4,90,683",Kunwar Pushpendra Singh Chandel,BJP,43.76%,"4,88,054",0.24%,2629
428,Uttar Pradesh,48,Banda,OC,Krishna Devi Shivshanker Patel,SP,38.94%,"4,06,567",R. K. Singh Patel,BJP,32.12%,"3,35,357",6.82%,71210
429,Uttar Pradesh,49,Fatehpur,OC,Naresh Uttam Patel,SP,45.2%,"5,00,328",Niranjan Jyoti,BJP,42.2%,"4,67,129",3%,33199
430,Uttar Pradesh,50,Kaushambi,SC,Pushpendra Saroj,SP,50.51%,"5,09,787",Vinod Kumar Sonkar,BJP,40.21%,"4,05,843",10.3%,103944
431,Uttar Pradesh,51,Phulpur,OC,Praveen Patel,BJP,44.6%,"4,52,600",Amarnath Singh Maurya,SP,44.17%,"4,48,268",0.43%,4332
432,Uttar Pradesh,52,Allahabad,OC,Ujjwal Raman Singh,INC,48.8%,"4,62,145",Neeraj Tripathi,BJP,42.59%,"4,03,350",6.21%,58795
433,Uttar Pradesh,53,Barabanki,SC,Tanuj Punia,INC,55.78%,"7,19,927",Rajrani Rawat,BJP,39.07%,"5,04,223",16.71%,215704
434,Uttar Pradesh,54,Faizabad,OC,Awadhesh Prasad,SP,48.59%,"5,54,289",Lallu Singh,BJP,43.81%,"4,99,722",4.78%,54567
435,Uttar Pradesh,55,Ambedkar Nagar,OC,Lalji Verma,SP,46.3%,"5,44,959",Ritesh Pandey,BJP,34.64%,"4,07,712",11.66%,137247
436,Uttar Pradesh,56,Bahraich,SC,Anand Kumar Gond,BJP,49.1%,"5,18,802",Ramesh Chandra,SP,43.02%,"4,54,575",6.08%,64227
437,Uttar Pradesh,57,Kaiserganj,OC,Karan Bhushan Singh,BJP,53.79%,"5,71,263",Bhagat Ram,SP,39.77%,"4,22,420",14.02%,148843
438,Uttar Pradesh,58,Shrawasti,OC,Ram Shiromani Verma,SP,48.83%,"5,11,055",Saket Misra,BJP,41.51%,"4,34,382",7.32%,76673
439,Uttar Pradesh,59,Gonda,OC,Kirti Vardhan Singh,BJP,49.77%,"4,74,258",Shreya Verma,SP,44.92%,"4,28,034",4.85%,46224
440,Uttar Pradesh,60,Domariyaganj,OC,Jagdambika Pal,BJP,45.47%,"4,63,303",Bhishma Shankar Tiwari,SP,41.27%,"4,20,575",4.2%,42728
441,Uttar Pradesh,61,Basti,OC,Ram Prasad Chaudhary,SP,48.67%,"5,27,005",Harish Dwivedi,BJP,39.34%,"4,26,011",9.33%,100994
442,Uttar Pradesh,62,Sant Kabir Nagar,OC,Laxmikant,SP,45.7%,"4,98,695",Praveen Kumar Nishad,BJP,37.25%,"4,06,525",8.45%,92170
443,Uttar Pradesh,63,Maharajganj,OC,Pankaj Chaudhary,BJP,48.85%,"5,91,310",Virendra Chaudhary,INC,45.92%,"5,55,859",2.93%,35451
444,Uttar Pradesh,64,Gorakhpur,OC,Ravi Kishan,BJP,50.75%,"5,85,834",Kajal Nishad,SP,41.78%,"4,82,308",8.97%,103526
445,Uttar Pradesh,65,Kushi Nagar,OC,Vijay Kumar Dubey,BJP,47.79%,"5,16,345",Ajay Pratap Singh,SP,40.22%,"4,34,555",7.57%,81790
446,Uttar Pradesh,66,Deoria,OC,Shashank Mani,BJP,48.36%,"5,04,541",Akhilesh Pratap Singh,INC,45.02%,"4,69,699",3.34%,34842
447,Uttar Pradesh,67,Bansgaon,SC,Kamlesh Paswan,BJP,45.38%,"4,28,693",Sadal Prasad,INC,45.04%,"4,25,543",0.34%,3150
448,Uttar Pradesh,68,Lalganj,SC,Daroga Prasad Saroj,SP,43.85%,"4,39,959",Neelam Sonkar,BJP,32.38%,"3,24,936",11.47%,"1,15,023"
449,Uttar Pradesh,69,Azamgarh,OC,Dharmendra Yadav,SP,48.2%,"5,08,239",Dinesh Lal Yadav,BJP,32.93%,"3,47,204",15.27%,"1,61,035"
450,Uttar Pradesh,70,Ghosi,OC,Rajeev Rai,SP,43.73%,"5,03,131",Arvind Rajbhar,SBSP,29.57%,"3,40,188",14.16%,"1,62,943"
451,Uttar Pradesh,71,Salempur,OC,Ramashankar Rajbhar,SP,44.2%,"4,05,472",Ravindra Kushawaha,BJP,43.81%,"4,01,899",0.39%,3573
452,Uttar Pradesh,72,Ballia,OC,Sanatan Pandey,SP,46.37%,"4,67,068",Neeraj Shekhar,BJP,42.06%,"4,23,684",4.31%,"43,384"
453,Uttar Pradesh,73,Jaunpur,OC,Babu Singh Kushwaha,SP,46.21%,"5,09,130",Kripashankar Singh,BJP,37.19%,"4,09,795",9.02%,"99,335"
454,Uttar Pradesh,74,Machhlishahr,SC,Priya Saroj,SP,42.57%,"4,51,292",B. P. Saroj,BJP,39.19%,"4,15,442",3.38%,"35,850"
455,Uttar Pradesh,75,Ghazipur,OC,Afzal Ansari,SP,46.82%,"5,39,912",Pars Nath Rai,BJP,35.99%,"4,15,051",10.83%,"1,24,861"
456,Uttar Pradesh,76,Chandauli,OC,Birendra Singh,SP,42.5%,"4,74,476",Mahendra Nath Pandey,BJP,40.57%,"4,52,911",1.93%,"21,565"
457,Uttar Pradesh,77,Varanasi,OC,Narendra Modi,BJP,54.24%,"6,12,970",Ajay Rai,INC,40.74%,"4,60,457",13.5%,"1,52,513"
458,Uttar Pradesh,78,Bhadohi,OC,Vinod Kumar Bind,BJP,42.39%,"4,59,982",Laliteshpati Tripathi,AITC,38.33%,"4,15,910",4.06%,"44,072"
459,Uttar Pradesh,79,Mirzapur,OC,Anupriya Patel,AD(S),42.67%,"4,71,631",Ramesh Chand Bind,SP,39.25%,"4,33,821",3.42%,"37,810"
460,Uttar Pradesh,80,Robertsganj,SC,Chhotelal,SP,46.14%,"4,65,848",Rinki Kol,AD(S),33.34%,"3,36,614",12.8%,"1,29,234"
461,Uttarakhand,2,Garhwal,OC,Anil Baluni,BJP,58.6%,"4,32,159",Ganesh Godiyal,INC,36.43%,"2,68,656",22.17%,"1,63,503"
462,Uttarakhand,3,Almora,SC,Ajay Tamta,BJP,64.2%,"4,29,167",Pradeep Tamta,INC,29.18%,"1,95,070",35.02%,"2,34,097"
463,,4,Nainital-Udhamsingh Nagar,OC,Ajay Bhatt,BJP,61.03%,"7,72,671",Prakash Joshi,INC,34.61%,"4,38,123",26.42%,"3,34,548"
464,Uttarakhand,5,Haridwar,OC,Trivendra Singh Rawat,BJP,50.19%,"6,53,808",Virendra Rawat,INC,37.6%,"4,89,752",12.59%,"1,64,056"
465,West Bengal,2,Alipurduars,SC,Manoj Tigga,BJP,48.92%,"6,95,314",Prakash Chik Baraik,AITC,43.61%,"6,19,867",5.31%,"75,447"
466,West Bengal,3,Jalpaiguri,SC,Jayanta Kumar Roy,BJP,48.57%,"7,66,568",Nirmal Chandra Roy,AITC,43.07%,"6,79,875",5.5%,"86,693"
467,West Bengal,4,Darjeeling,OC,Raju Bista,BJP,51.18%,"6,79,331",Gopal Lama,AITC,37.73%,"5,00,806",13.45%,"1,78,525"
468,West Bengal,5,Raiganj,OC,Kartick Chandra Paul,BJP,40.99%,"5,60,897",Krishna Kalyani,AITC,36%,"4,92,700",4.99%,"68,197"
469,West Bengal,6,Balurghat,OC,Sukanta Majumdar,BJP,46.47%,"5,74,996",Biplab Mitra,AITC,45.63%,"5,64,610",0.84%,"10,386"
470,,7,Maldaha Uttar,OC,Khagen Murmu,BJP,37.18%,"5,27,023",Prasun Banerjee,AITC,31.7%,"4,49,315",5.48%,"77,708"
471,,8,Maldaha Dakshin,OC,Isha Khan Choudhury,INC,41.79%,"5,72,395",Sreerupa Mitra Chaudhury,BJP,32.42%,"4,44,027",9.37%,"1,28,368"
472,West Bengal,9,Jangipur,OC,Khalilur Rahaman,AITC,39.75%,"5,44,427",Murtoja Hossain Bokul,INC,31.23%,"4,27,790",8.52%,"1,16,637"
473,West Bengal,10,Baharampur,OC,Yusuf Pathan,AITC,37.88%,"5,24,516",Adhir Ranjan Chowdhury,INC,31.74%,"4,39,494",6.14%,"85,022"
474,West Bengal,11,Murshidabad,OC,Abu Taher Khan,AITC,44.27%,"6,82,442",Mohammed Salim,CPI(M),33.62%,"5,18,227",10.65%,"1,64,215"
475,West Bengal,12,Krishnanagar,OC,Mahua Moitra,AITC,44.1%,"6,28,789",Amrita Roy,BJP,40.13%,"5,72,084",3.97%,"56,705"
476,West Bengal,13,Ranaghat,SC,Jagannath Sarkar,BJP,50.78%,"7,82,396",Mukut Mani Adhikari,AITC,38.65%,"5,95,497",12.13%,"1,86,899"
477,,14,Bangaon,SC,Shantanu Thakur,BJP,48.19%,"7,19,505",Biswajit Das,AITC,43.25%,"6,45,812",4.94%,"73,693"
478,,15,Barrackpur,OC,Partha Bhowmick,AITC,45.56%,"5,20,231",Arjun Singh,BJP,39.92%,"4,55,793",5.64%,"64,438"
479,,16,Dum Dum,OC,Sougata Ray,AITC,41.95%,"5,28,579",Silbhadra Datta,BJP,36.34%,"4,57,919",5.61%,"70,660"
480,,17,Barasat,OC,Kakoli Ghosh Dastidar,AITC,45.15%,"6,92,010",Swapan Majumder,BJP,37.7%,"5,77,821",7.45%,"1,14,189"
481,,18,Basirhat,OC,Sk Nurul Islam,AITC,52.76%,"8,03,762",Rekha Patra,BJP,30.87%,"4,70,215",21.89%,"3,33,547"
482,,19,Joynagar,SC,Pratima Mondal,AITC,60.32%,"8,94,312",Ashok Kandary,BJP,28.6%,"4,24,093",31.72%,"4,70,219"
483,,20,Mathurapur,SC,Bapi Haldar,AITC,50.52%,"7,55,731",Ashok Purkait,BJP,37.08%,"5,54,674",13.44%,"2,01,057"
484,,21,Diamond Harbour,OC,Abhishek Banerjee,AITC,68.48%,"10,48,230",Abhijit Das (Bobby),BJP,22.03%,"3,37,300",46.45%,"7,10,930"
485,West Bengal,22,Jadavpur,OC,Sayani Ghosh,AITC,45.83%,"7,17,899",Dr. Anirban Ganguly,BJP,29.35%,"4,59,698",16.48%,"2,58,201"
486,West Bengal,23,Kolkata Dakshin,OC,Mala Roy,AITC,49.48%,"6,15,274",Debasree Chaudhuri,BJP,34.42%,"4,28,043",15.06%,"1,87,231"
487,West Bengal,24,Kolkata Uttar,OC,Sudip Bandyopadhyay,AITC,47.44%,"4,54,696",Tapas Roy,BJP,37.78%,"3,62,136",9.66%,"92,560"
488,West Bengal,25,Howrah,OC,Prasun Banerjee,AITC,49.26%,"6,26,493",Rathin Chakravarty,BJP,35.94%,"4,57,051",13.32%,"1,69,442"
489,West Bengal,26,Uluberia,OC,Sajda Ahmed,AITC,52.1%,"7,24,622",Arunuday Paulchowdhury,BJP,36.38%,"5,05,949",15.72%,"2,18,673"
490,West Bengal,27,Serampore,OC,Kalyan Banerjee,AITC,45.65%,"6,73,970",Kabir Shankar Bose,BJP,33.8%,"4,99,140",11.85%,"1,74,830"
491,West Bengal,28,Hooghly,OC,Rachna Banerjee,AITC,46.31%,"7,02,744",Locket Chatterjee,BJP,41.24%,"6,25,891",5.07%,"76,853"
492,West Bengal,29,Arambagh,SC,Mitali Bag,AITC,45.71%,"7,12,587",Arup Kanti Digar,BJP,45.3%,"7,06,188",0.41%,6399
493,West Bengal,30,Tamluk,OC,Abhijit Gangopadhyay,BJP,48.54%,"7,65,584",Debangshu Bhattacharya,AITC,43.61%,"6,87,851",4.93%,"77,733"
494,West Bengal,31,Kanthi,OC,Soumendu Adhikari,BJP,49.85%,"7,63,195",Uttam Barik,AITC,46.73%,"7,15,431",3.12%,"47,764"
495,West Bengal,32,Ghatal,OC,Deepak Adhikari (Dev),AITC,52.36%,"8,37,990",Hiranmoy Chattopadhyaya,BJP,40.93%,"6,55,122",11.43%,"1,82,868"
496,West Bengal,33,Jhargram,ST,Kalipada Saren,AITC,49.87%,"7,43,478",Dr. Pranat Tudu,BJP,38.2%,"5,69,430",11.67%,"1,74,048"
497,West Bengal,34,Medinipur,OC,June Maliah,AITC,47.4%,"7,02,192",Agnimitra Paul,BJP,45.56%,"6,75,001",1.84%,"27,191"
498,West Bengal,35,Purulia,OC,Jyotirmay Singh Mahato,BJP,40.34%,"5,78,489",Shantiram Mahato,AITC,39.15%,"5,61,410",1.19%,"17,079"
499,West Bengal,36,Bankura,OC,Arup Chakraborty,AITC,44.33%,"6,41,813",Subhas Sarkar,BJP,42.07%,"6,09,035",2.26%,"32,778"
500,West Bengal,37,Bishnupur,SC,Saumitra Khan,BJP,44.93%,"6,80,130",Sujata Mondal,AITC,44.56%,"6,74,563",0.37%,5567
501,West Bengal,38,Bardhaman Purba,SC,Sharmila Sarkar,AITC,48.11%,"7,20,302",Asim Kumar Sarkar,BJP,37.38%,"5,59,730",10.73%,"1,60,572"
502,,39,Bardhaman-Durgapur,OC,Kirti Azad Jha,AITC,47.99%,"7,20,667",Dilip Ghosh,BJP,38.8%,"5,82,686",9.19%,"1,37,981"
503,West Bengal,40,Asansol,OC,Shatrughan Prasad Sinha,AITC,46.53%,"6,05,645",Surendrajeet Singh Ahluwalia,BJP,41.96%,"5,46,081",4.57%,"59,564"
504,,41,Bolpur,SC,Asit Kumar Mal,AITC,55.98%,"8,55,633",Piya Saha,BJP,34.57%,"5,28,380",21.41%,"3,27,253"
505,West Bengal,42,Birbhum,OC,Satabdi Roy,AITC,47%,"7,17,961",Debtanu Bhattacharya,BJP,34.06%,"5,20,311",12.94%,"1,97,650"
506,Andaman and Nicobar Islands,1,Andaman & Nicobar Islands,OC,Bishnu Pada Ray,BJP,50.6%,"1,02,436",Kuldeep Rai Sharma,INC,38.5%,"78,040",12.1%,"24,396"
507,Andhra Pradesh,1,Araku,ST,Gumma Thanuja Rani,YSRCP,40.96%,"4,77,005",Kothapalli Geetha,BJP,36.62%,"4,26,425",4.34%,"50,580"
508,Arunachal Pradesh,1,Arunachal West,ST,Kiren Rijiju,BJP,51.4%,"2,05,417",Nabam Tuki,INC,26.2%,"1,04,679",25.2%,"100,738"
509,Assam,1,Kokrajhar,ST,Joyanta Basumatary,UPPL,39.4%,"4,88,995",Kampa Borgoyari,BPF,35.2%,"4,37,412",4.2%,"51,583"
510,Bihar,1,Valmiki Nagar,OC,Sunil Kumar,JD(U),47.5%,"5,23,422",Deepak Yadav,RJD,38.5%,"4,24,747",9%,"98,675"
511,Chandigarh,1,Chandigarh,OC,Manish Tewari,INC,48.23%,"2,16,657",Sanjay Tandon,BJP,47.66%,"2,14,153",0.57%,2504
512,Chhattisgarh,1,Sarguja,ST,Chintamani Maharaj,BJP,49.01%,"7,13,200",Shashi Singh,INC,44.55%,"6,48,328",4.46%,"64,822"
513,Dadra and Nagar Haveli and Daman and Diu,1,Daman And Diu,OC,Patel Umeshbhai Babubhai,Independent,46.02%,"42,523",Lalubhai Babubhai Patel,BJP,39.28%,"36,298",6.74%,6225
514,Delhi,1,Chandni Chowk,OC,Praveen Khandelwal,BJP,53.46%,"5,16,496",Jai Prakash Agarwal,INC,44.22%,"4,27,171",9.24%,"89,325"
515,Goa,1,North Goa,OC,Shripad Yesso Naik,BJP,56.43%,"2,57,326",Ramakant Khalap,INC,30.99%,"1,41,311",25.44%,"1,16,015"
516,Gujarat,1,Kachchh,SC,Vinodbhai Chavda,BJP,60.23%,"6,59,574",Nitishbhai Lalan,INC,35.68%,"3,90,792",25,268782
517,Haryana,1,Ambala,SC,Varun Chaudhary,INC,49.28%,"6,63,657",Banto Kataria,BJP,45.64%,"6,14,621",3.64%,"49,036"
518,Himachal Pradesh,1,Kangra,OC,Rajeev Bhardwaj,BJP,61.03%,"6,32,793",Anand Sharma,INC,36.74%,"3,80,898",24.29%,251895
519,Jammu and Kashmir,1,Baramulla,OC,Abdul Rashid Sheikh,Independent,45.7%,"4,72,481",Omar Abdullah,JKNC,25.95%,"2,68,339",19.75%,204142
520,Jharkhand,1,Rajmahal,ST,Vijay Kumar Hansdak,JMM,50.35%,"6,13,371",Tala Marandi,BJP,35.72%,"4,35,107",14.63%,178264
521,Karnataka,1,Chikkodi,OC,Priyanka Jarkiholi,INC,51.21%,"7,13,461",Annasaheb Shankar Jolle,BJP,44.69%,"6,22,627",6.52%,90834
522,Kerala,1,Kasaragod,OC,Rajmohan Unnithan,INC,44.1%,"4,90,659",M. V. Balakrishnan,CPI(M),35.06%,"3,90,010",9.04%,100649
523,Ladakh,1,Ladakh,ST,Mohmad Haneefa,Independent,48.15%,"37,397",Tsering Namgyal,INC,27.59%,"65,259",20.56%,27862
524,Lakshadweep,1,Lakshadweep,ST,Muhammed Hamdulla Sayeed,INC,52.29%,"25,726",Mohammed Faizal Padippura,NCP-SP,46.91%,"23,079",5.38%,2647
525,Madhya Pradesh,1,Morena,OC,Shivmangal Singh Tomar,BJP,43.41%,"5,15,477",Neetu Satyapal Singh Sikarwar,INC,38.99%,"4,62,947",4.42%,52530
526,Maharashtra,1,Nandurbar,ST,Gowaal Kagada Padavi,INC,53.53%,"7,45,998",Dr Heena Vijaykumar Gavit,BJP,42.11%,"5,86,878",11.42%,"159,120"
527,Manipur,1,Inner Manipur,OC,Angomcha Bimol Akoijam,INC,46.93%,"3,74,017",Thounaojam Basanta Kumar Singh,BJP,33.16%,"2,64,216",13.77%,109801
528,Meghalaya,1,Shillong,ST,Ricky AJ Syngkon,VPP,55.02%,"5,71,078",Vincent H. Pala,INC,19.19%,"1,99,168",35.83%,371910
529,Mizoram,1,Mizoram,ST,Richard Vanlalhmangaiha,ZPM,42.45%,"2,08,552",K. Vanlalvena,MNF,28.55%,"1,40,264",13.9%,68288
530,Nagaland,1,Nagaland,ST,S. Supongmeren Jamir,INC,52.83%,"4,01,951",Chumben Murry,NDPP,46.13%,"3,50,967",6.7%,50984
531,Odisha,1,Bargarh,OC,Pradeep Purohit,BJP,54.69%,"7,16,359",Parinita Mishra,BJD,35.48%,"4,64,692",19.21%,251667
532,Puducherry,1,Puducherry,OC,V. Vaithilingam,INC,52.73%,"4,26,005",A. Namassivayam,BJP,35.83%,"2,89,489",16.9%,136516
533,Punjab,1,Gurdaspur,OC,Sukhjinder Singh Randhawa,INC,33.78%,"3,64,043",Dinesh Singh,BJP,26.09%,"2,81,182",7.69%,"82,861"
534,Rajasthan,1,Ganganagar,SC,Kuldeep Indora,INC,51.4%,"7,26,492",Priyanka Balan Meghwal,BJP,45.16%,"6,38,339",6.24%,"88,153"
535,Sikkim,1,Sikkim,OC,Indra Hang Subba,SKM,42.71%,"1,64,396",Bharat Basnett,Citizen Action Party (Sikkim),21.71%,"83,566",21%,164396
536,Tamil Nadu,1,Thiruvallur,OC,Sasikanth Senthil,INC,56.21%,"7,96,956",V. Pon Balaganapathy,BJP,15.86%,"2,24,801",40.35%,572155
537,Telangana,1,Adilabad,ST,Godam Nagesh,BJP,45.98%,"5,68,168",Athram Suguna,INC,38.65%,"4,77,516",7.33%,90652
538,Tripura,1,Tripura West,OC,Biplab Kumar Deb,BJP,72.85%,"8,81,341",Ashish Kumar Saha,INC,22.3%,"2,69,763",50.55%,611578
539,Uttar Pradesh,1,Saharanpur,OC,Imran Masood,INC,44.57%,"5,47,967",Raghav Lakhanpal,BJP,39.32%,"4,83,425",5.25%,64542
540,Uttarakhand,1,Tehri Garhwal,OC,Mala Rajya Lakshmi Shah,BJP,53.66%,"4,62,603",Jot Singh Gunsola,INC,22.05%,"1,90,110",31.61%,"2,72,493"
541,West Bengal,1,Cooch Behar,SC,Jagadish Chandra Barma Basunia,AITC,48.57%,"7,88,375",Nisith Pramanik,BJP,46.16%,"7,49,125",2.41%,"39,250"
